{
    "TTR": 0.7071428571428572,
    "ases\u00f5nade_esimese_isiku_osaarv": 0.3333333333333333,
    "ases\u00f5nade_kolmanda_isiku_osaarv": 0.3333333333333333,
    "ases\u00f5nade_teise_isiku_osaarv": 0.3333333333333333,
    "emotikonide_arv": 0,
    "kaudse_k\u00f5neviisi_osakaal": 0.0,
    "kokkukleepunud_kirjavahem\u00e4rkide_arv": 0,
    "korduvate_juppide_arv": 0,
    "korduvate_s\u00f5nade_arv": 0,
    "korduvate_t\u00e4htede_arv": 0,
    "k\u00e4\u00e4nds\u00f5nade_osaarv": 0.4431137724550898,
    "leksikonides_esinevade_osaarv": 0.0,
    "lemmapikkuse_osaarv": 4.681818181818182,
    "l\u00e4binisti_suur": 0.0,
    "nud-partitsiibiga_verbide_osakaal": 0.023255813953488372,
    "passiivi_osakaal": 0.06976744186046512,
    "puuduva_suure_algust\u00e4hega": 0.0,
    "tajuverbide_osaarv": 0.05405405405405406,
    "verbide_esimese_isiku_osaarv": 0.09090909090909091,
    "verbide_kolmanda_isiku_osaarv": 0.36363636363636365,
    "verbide_teise_isiku_osaarv": 0.5454545454545454
}