{
    "TTR": 0.6019900497512438,
    "ases\u00f5nade_esimese_isiku_osaarv": 0.4,
    "ases\u00f5nade_kolmanda_isiku_osaarv": 0.6,
    "ases\u00f5nade_teise_isiku_osaarv": 0.0,
    "emotikonide_arv": 0,
    "kaudse_k\u00f5neviisi_osakaal": 0.0,
    "kokkukleepunud_kirjavahem\u00e4rkide_arv": 0,
    "korduvate_juppide_arv": 0,
    "korduvate_s\u00f5nade_arv": 1,
    "k\u00e4\u00e4nds\u00f5nade_osaarv": 0.40772532188841204,
    "leksikonides_esinevade_osaarv": 0.0,
    "lemmapikkuse_osaarv": 4.5,
    "l\u00e4binisti_suur": 0.0,
    "nud-partitsiibiga_verbide_osakaal": 0.017543859649122806,
    "passiivi_osakaal": 0.05263157894736842,
    "puuduva_suure_algust\u00e4hega": 0.0,
    "tajuverbide_osaarv": 0.24489795918367346,
    "verbide_esimese_isiku_osaarv": 0.15789473684210525,
    "verbide_kolmanda_isiku_osaarv": 0.6842105263157895,
    "verbide_teise_isiku_osaarv": 0.15789473684210525
}