{
    "TTR": 0.6666666666666666,
    "ases\u00f5nade_esimese_isiku_osaarv": 0.25,
    "ases\u00f5nade_kolmanda_isiku_osaarv": 0.5,
    "ases\u00f5nade_teise_isiku_osaarv": 0.25,
    "emotikonide_arv": 0,
    "kaudse_k\u00f5neviisi_osakaal": 0.0,
    "kokkukleepunud_kirjavahem\u00e4rkide_arv": 2,
    "korduvate_juppide_arv": 0,
    "korduvate_s\u00f5nade_arv": 0,
    "k\u00e4\u00e4nds\u00f5nade_osaarv": 0.4329004329004329,
    "leksikonides_esinevade_osaarv": 0.008658008658008658,
    "lemmapikkuse_osaarv": 4.630331753554502,
    "l\u00e4binisti_suur": 0.0,
    "nud-partitsiibiga_verbide_osakaal": 0.018518518518518517,
    "passiivi_osakaal": 0.12962962962962962,
    "puuduva_suure_algust\u00e4hega": 0.0,
    "tajuverbide_osaarv": 0.3902439024390244,
    "verbide_esimese_isiku_osaarv": 0.4090909090909091,
    "verbide_kolmanda_isiku_osaarv": 0.5,
    "verbide_teise_isiku_osaarv": 0.09090909090909091
}