{
    "TTR": 0.8169642857142857,
    "ases\u00f5nade_esimese_isiku_osaarv": 0.6,
    "ases\u00f5nade_kolmanda_isiku_osaarv": 0.4,
    "ases\u00f5nade_teise_isiku_osaarv": 0.0,
    "emotikonide_arv": 0,
    "kaudse_k\u00f5neviisi_osakaal": 0.0,
    "kokkukleepunud_kirjavahem\u00e4rkide_arv": 0,
    "korduvate_juppide_arv": 0,
    "korduvate_s\u00f5nade_arv": 0,
    "korduvate_t\u00e4htede_arv": 0,
    "k\u00e4\u00e4nds\u00f5nade_osaarv": 0.5133079847908745,
    "leksikonides_esinevade_osaarv": 0.0038022813688212928,
    "lemmapikkuse_osaarv": 4.679389312977099,
    "l\u00e4binisti_suur": 0.0,
    "nud-partitsiibiga_verbide_osakaal": 0.05172413793103448,
    "passiivi_osakaal": 0.017241379310344827,
    "puuduva_suure_algust\u00e4hega": 0.0,
    "tajuverbide_osaarv": 0.2222222222222222,
    "verbide_esimese_isiku_osaarv": 0.4166666666666667,
    "verbide_kolmanda_isiku_osaarv": 0.5416666666666666,
    "verbide_teise_isiku_osaarv": 0.041666666666666664
}