{
    "TTR": 0.6577777777777778,
    "ases\u00f5nade_esimese_isiku_osaarv": 0.7142857142857143,
    "ases\u00f5nade_kolmanda_isiku_osaarv": 0.2857142857142857,
    "ases\u00f5nade_teise_isiku_osaarv": 0.0,
    "emotikonide_arv": 0,
    "kaudse_k\u00f5neviisi_osakaal": 0.017543859649122806,
    "kokkukleepunud_kirjavahem\u00e4rkide_arv": 0,
    "korduvate_juppide_arv": 0,
    "korduvate_s\u00f5nade_arv": 0,
    "k\u00e4\u00e4nds\u00f5nade_osaarv": 0.48,
    "leksikonides_esinevade_osaarv": 0.0,
    "lemmapikkuse_osaarv": 4.415686274509804,
    "l\u00e4binisti_suur": 0.0,
    "nud-partitsiibiga_verbide_osakaal": 0.07017543859649122,
    "passiivi_osakaal": 0.14035087719298245,
    "puuduva_suure_algust\u00e4hega": 0.0,
    "tajuverbide_osaarv": 0.06976744186046512,
    "verbide_esimese_isiku_osaarv": 0.21428571428571427,
    "verbide_kolmanda_isiku_osaarv": 0.7142857142857143,
    "verbide_teise_isiku_osaarv": 0.07142857142857142
}