{
    "TTR": 0.7368421052631579,
    "ases\u00f5nade_esimese_isiku_osaarv": 0.25,
    "ases\u00f5nade_kolmanda_isiku_osaarv": 0.375,
    "ases\u00f5nade_teise_isiku_osaarv": 0.375,
    "emotikonide_arv": 0,
    "kaudse_k\u00f5neviisi_osakaal": 0.0,
    "kokkukleepunud_kirjavahem\u00e4rkide_arv": 17,
    "korduvate_juppide_arv": 0,
    "korduvate_s\u00f5nade_arv": 0,
    "k\u00e4\u00e4nds\u00f5nade_osaarv": 0.42105263157894735,
    "leksikonides_esinevade_osaarv": 0.004048582995951417,
    "lemmapikkuse_osaarv": 4.684210526315789,
    "l\u00e4binisti_suur": 0.023923444976076555,
    "nud-partitsiibiga_verbide_osakaal": 0.08571428571428572,
    "passiivi_osakaal": 0.07142857142857142,
    "puuduva_suure_algust\u00e4hega": 0.0,
    "tajuverbide_osaarv": 0.05454545454545454,
    "verbide_esimese_isiku_osaarv": 0.047619047619047616,
    "verbide_kolmanda_isiku_osaarv": 0.5238095238095238,
    "verbide_teise_isiku_osaarv": 0.42857142857142855
}