{
    "TTR": 0.6457142857142857,
    "ases\u00f5nade_esimese_isiku_osaarv": 0.4444444444444444,
    "ases\u00f5nade_kolmanda_isiku_osaarv": 0.3888888888888889,
    "ases\u00f5nade_teise_isiku_osaarv": 0.16666666666666666,
    "emotikonide_arv": 0,
    "kaudse_k\u00f5neviisi_osakaal": 0.0,
    "kokkukleepunud_kirjavahem\u00e4rkide_arv": 0,
    "korduvate_juppide_arv": 0,
    "korduvate_s\u00f5nade_arv": 0,
    "k\u00e4\u00e4nds\u00f5nade_osaarv": 0.5059101654846335,
    "leksikonides_esinevade_osaarv": 0.01182033096926714,
    "lemmapikkuse_osaarv": 4.840616966580977,
    "l\u00e4binisti_suur": 0.0,
    "nud-partitsiibiga_verbide_osakaal": 0.05555555555555555,
    "passiivi_osakaal": 0.027777777777777776,
    "puuduva_suure_algust\u00e4hega": 0.005763688760806916,
    "tajuverbide_osaarv": 0.11392405063291139,
    "verbide_esimese_isiku_osaarv": 0.16666666666666666,
    "verbide_kolmanda_isiku_osaarv": 0.5,
    "verbide_teise_isiku_osaarv": 0.3333333333333333
}