{
    "TTR": 0.7053571428571429,
    "ases\u00f5nade_esimese_isiku_osaarv": 0.25,
    "ases\u00f5nade_kolmanda_isiku_osaarv": 0.0,
    "ases\u00f5nade_teise_isiku_osaarv": 0.75,
    "emotikonide_arv": 0,
    "kaudse_k\u00f5neviisi_osakaal": 0.016666666666666666,
    "kokkukleepunud_kirjavahem\u00e4rkide_arv": 6,
    "korduvate_juppide_arv": 0,
    "korduvate_s\u00f5nade_arv": 0,
    "korduvate_t\u00e4htede_arv": 2,
    "k\u00e4\u00e4nds\u00f5nade_osaarv": 0.4368231046931408,
    "leksikonides_esinevade_osaarv": 0.010830324909747292,
    "lemmapikkuse_osaarv": 4.563025210084033,
    "l\u00e4binisti_suur": 0.009478672985781991,
    "nud-partitsiibiga_verbide_osakaal": 0.016666666666666666,
    "passiivi_osakaal": 0.016666666666666666,
    "puuduva_suure_algust\u00e4hega": 0.014218009478672985,
    "tajuverbide_osaarv": 0.061224489795918366,
    "verbide_esimese_isiku_osaarv": 0.09523809523809523,
    "verbide_kolmanda_isiku_osaarv": 0.14285714285714285,
    "verbide_teise_isiku_osaarv": 0.7619047619047619
}