{
    "TTR": 0.6470588235294118,
    "ases\u00f5nade_esimese_isiku_osaarv": 0.6666666666666666,
    "ases\u00f5nade_kolmanda_isiku_osaarv": 0.16666666666666666,
    "ases\u00f5nade_teise_isiku_osaarv": 0.16666666666666666,
    "emotikonide_arv": 0,
    "kaudse_k\u00f5neviisi_osakaal": 0.0,
    "kokkukleepunud_kirjavahem\u00e4rkide_arv": 0,
    "korduvate_juppide_arv": 0,
    "korduvate_s\u00f5nade_arv": 0,
    "korduvate_t\u00e4htede_arv": 0,
    "k\u00e4\u00e4nds\u00f5nade_osaarv": 0.4772727272727273,
    "leksikonides_esinevade_osaarv": 0.0,
    "lemmapikkuse_osaarv": 4.477707006369426,
    "l\u00e4binisti_suur": 0.0,
    "nud-partitsiibiga_verbide_osakaal": 0.0,
    "passiivi_osakaal": 0.022222222222222223,
    "puuduva_suure_algust\u00e4hega": 0.0,
    "tajuverbide_osaarv": 0.10526315789473684,
    "verbide_esimese_isiku_osaarv": 0.13333333333333333,
    "verbide_kolmanda_isiku_osaarv": 0.3333333333333333,
    "verbide_teise_isiku_osaarv": 0.5333333333333333
}