{
    "TTR": 0.7439024390243902,
    "ases\u00f5nade_esimese_isiku_osaarv": 1.0,
    "ases\u00f5nade_kolmanda_isiku_osaarv": 0.0,
    "ases\u00f5nade_teise_isiku_osaarv": 0.0,
    "emotikonide_arv": 0,
    "kaudse_k\u00f5neviisi_osakaal": 0.0,
    "kokkukleepunud_kirjavahem\u00e4rkide_arv": 0,
    "korduvate_juppide_arv": 0,
    "korduvate_s\u00f5nade_arv": 0,
    "korduvate_t\u00e4htede_arv": 0,
    "k\u00e4\u00e4nds\u00f5nade_osaarv": 0.47150259067357514,
    "leksikonides_esinevade_osaarv": 0.015544041450777202,
    "lemmapikkuse_osaarv": 4.815217391304348,
    "l\u00e4binisti_suur": 0.0,
    "nud-partitsiibiga_verbide_osakaal": 0.0196078431372549,
    "passiivi_osakaal": 0.0392156862745098,
    "puuduva_suure_algust\u00e4hega": 0.0,
    "tajuverbide_osaarv": 0.08108108108108109,
    "verbide_esimese_isiku_osaarv": 0.4666666666666667,
    "verbide_kolmanda_isiku_osaarv": 0.3333333333333333,
    "verbide_teise_isiku_osaarv": 0.2
}