{
    "TTR": 0.6053811659192825,
    "ases\u00f5nade_esimese_isiku_osaarv": 0.8235294117647058,
    "ases\u00f5nade_kolmanda_isiku_osaarv": 0.17647058823529413,
    "ases\u00f5nade_teise_isiku_osaarv": 0.0,
    "emotikonide_arv": 0,
    "kaudse_k\u00f5neviisi_osakaal": 0.0,
    "kokkukleepunud_kirjavahem\u00e4rkide_arv": 0,
    "korduvate_juppide_arv": 0,
    "korduvate_s\u00f5nade_arv": 0,
    "k\u00e4\u00e4nds\u00f5nade_osaarv": 0.4980392156862745,
    "leksikonides_esinevade_osaarv": 0.00392156862745098,
    "lemmapikkuse_osaarv": 4.497907949790795,
    "l\u00e4binisti_suur": 0.0,
    "nud-partitsiibiga_verbide_osakaal": 0.046153846153846156,
    "passiivi_osakaal": 0.09230769230769231,
    "puuduva_suure_algust\u00e4hega": 0.0,
    "tajuverbide_osaarv": 0.11764705882352941,
    "verbide_esimese_isiku_osaarv": 0.5555555555555556,
    "verbide_kolmanda_isiku_osaarv": 0.2222222222222222,
    "verbide_teise_isiku_osaarv": 0.2222222222222222
}