{
    "TTR": 0.6767676767676768,
    "ases\u00f5nade_esimese_isiku_osaarv": 0.0625,
    "ases\u00f5nade_kolmanda_isiku_osaarv": 0.875,
    "ases\u00f5nade_teise_isiku_osaarv": 0.0625,
    "emotikonide_arv": 0,
    "kaudse_k\u00f5neviisi_osakaal": 0.0,
    "kokkukleepunud_kirjavahem\u00e4rkide_arv": 7,
    "korduvate_juppide_arv": 0,
    "korduvate_s\u00f5nade_arv": 1,
    "korduvate_t\u00e4htede_arv": 0,
    "k\u00e4\u00e4nds\u00f5nade_osaarv": 0.40772532188841204,
    "leksikonides_esinevade_osaarv": 0.0,
    "lemmapikkuse_osaarv": 4.671296296296297,
    "l\u00e4binisti_suur": 0.0,
    "nud-partitsiibiga_verbide_osakaal": 0.021739130434782608,
    "passiivi_osakaal": 0.043478260869565216,
    "puuduva_suure_algust\u00e4hega": 0.0,
    "tajuverbide_osaarv": 0.06976744186046512,
    "verbide_esimese_isiku_osaarv": 0.10714285714285714,
    "verbide_kolmanda_isiku_osaarv": 0.75,
    "verbide_teise_isiku_osaarv": 0.14285714285714285
}