{
    "TTR": 0.5136186770428015,
    "ases\u00f5nade_esimese_isiku_osaarv": 0.6666666666666666,
    "ases\u00f5nade_kolmanda_isiku_osaarv": 0.19047619047619047,
    "ases\u00f5nade_teise_isiku_osaarv": 0.14285714285714285,
    "emotikonide_arv": 1,
    "kaudse_k\u00f5neviisi_osakaal": 0.0,
    "kokkukleepunud_kirjavahem\u00e4rkide_arv": 13,
    "korduvate_juppide_arv": 0,
    "korduvate_s\u00f5nade_arv": 0,
    "k\u00e4\u00e4nds\u00f5nade_osaarv": 0.3293768545994065,
    "leksikonides_esinevade_osaarv": 0.01483679525222552,
    "lemmapikkuse_osaarv": 3.9731800766283527,
    "l\u00e4binisti_suur": 0.008097165991902834,
    "nud-partitsiibiga_verbide_osakaal": 0.012987012987012988,
    "passiivi_osakaal": 0.0,
    "puuduva_suure_algust\u00e4hega": 0.016194331983805668,
    "tajuverbide_osaarv": 0.16923076923076924,
    "verbide_esimese_isiku_osaarv": 0.4318181818181818,
    "verbide_kolmanda_isiku_osaarv": 0.3409090909090909,
    "verbide_teise_isiku_osaarv": 0.22727272727272727
}