{
    "TTR": 0.6044776119402985,
    "ases\u00f5nade_esimese_isiku_osaarv": 0.0625,
    "ases\u00f5nade_kolmanda_isiku_osaarv": 0.5,
    "ases\u00f5nade_teise_isiku_osaarv": 0.4375,
    "emotikonide_arv": 0,
    "kaudse_k\u00f5neviisi_osakaal": 0.0,
    "kokkukleepunud_kirjavahem\u00e4rkide_arv": 19,
    "korduvate_juppide_arv": 0,
    "korduvate_s\u00f5nade_arv": 0,
    "korduvate_t\u00e4htede_arv": 20,
    "k\u00e4\u00e4nds\u00f5nade_osaarv": 0.3980891719745223,
    "leksikonides_esinevade_osaarv": 0.01592356687898089,
    "lemmapikkuse_osaarv": 4.362989323843417,
    "l\u00e4binisti_suur": 0.0,
    "nud-partitsiibiga_verbide_osakaal": 0.0,
    "passiivi_osakaal": 0.0,
    "puuduva_suure_algust\u00e4hega": 0.007462686567164179,
    "tajuverbide_osaarv": 0.3064516129032258,
    "verbide_esimese_isiku_osaarv": 0.06896551724137931,
    "verbide_kolmanda_isiku_osaarv": 0.5172413793103449,
    "verbide_teise_isiku_osaarv": 0.41379310344827586
}