{
    "TTR": 0.5833333333333334,
    "ases\u00f5nade_esimese_isiku_osaarv": 0.9230769230769231,
    "ases\u00f5nade_kolmanda_isiku_osaarv": 0.07692307692307693,
    "ases\u00f5nade_teise_isiku_osaarv": 0.0,
    "emotikonide_arv": 0,
    "kaudse_k\u00f5neviisi_osakaal": 0.0,
    "kokkukleepunud_kirjavahem\u00e4rkide_arv": 0,
    "korduvate_juppide_arv": 0,
    "korduvate_s\u00f5nade_arv": 0,
    "korduvate_t\u00e4htede_arv": 0,
    "k\u00e4\u00e4nds\u00f5nade_osaarv": 0.40437158469945356,
    "leksikonides_esinevade_osaarv": 0.0,
    "lemmapikkuse_osaarv": 4.273291925465839,
    "l\u00e4binisti_suur": 0.0,
    "nud-partitsiibiga_verbide_osakaal": 0.03508771929824561,
    "passiivi_osakaal": 0.07017543859649122,
    "puuduva_suure_algust\u00e4hega": 0.0,
    "tajuverbide_osaarv": 0.1956521739130435,
    "verbide_esimese_isiku_osaarv": 0.2777777777777778,
    "verbide_kolmanda_isiku_osaarv": 0.5,
    "verbide_teise_isiku_osaarv": 0.2222222222222222
}