{
    "TTR": 0.7607655502392344,
    "ases\u00f5nade_esimese_isiku_osaarv": -1,
    "ases\u00f5nade_kolmanda_isiku_osaarv": -1,
    "ases\u00f5nade_teise_isiku_osaarv": -1,
    "emotikonide_arv": 0,
    "kaudse_k\u00f5neviisi_osakaal": 0.0,
    "kokkukleepunud_kirjavahem\u00e4rkide_arv": 0,
    "korduvate_juppide_arv": 0,
    "korduvate_s\u00f5nade_arv": 0,
    "korduvate_t\u00e4htede_arv": 0,
    "k\u00e4\u00e4nds\u00f5nade_osaarv": 0.5815899581589958,
    "leksikonides_esinevade_osaarv": 0.0,
    "lemmapikkuse_osaarv": 5.2105263157894735,
    "l\u00e4binisti_suur": 0.028846153846153848,
    "nud-partitsiibiga_verbide_osakaal": 0.02040816326530612,
    "passiivi_osakaal": 0.02040816326530612,
    "puuduva_suure_algust\u00e4hega": 0.0,
    "tajuverbide_osaarv": 0.047619047619047616,
    "verbide_esimese_isiku_osaarv": 0.0,
    "verbide_kolmanda_isiku_osaarv": 0.9230769230769231,
    "verbide_teise_isiku_osaarv": 0.07692307692307693
}