{
    "TTR": 0.6934673366834171,
    "ases\u00f5nade_esimese_isiku_osaarv": 0.0,
    "ases\u00f5nade_kolmanda_isiku_osaarv": 0.75,
    "ases\u00f5nade_teise_isiku_osaarv": 0.25,
    "emotikonide_arv": 0,
    "kaudse_k\u00f5neviisi_osakaal": 0.0,
    "kokkukleepunud_kirjavahem\u00e4rkide_arv": 1,
    "korduvate_juppide_arv": 0,
    "korduvate_s\u00f5nade_arv": 0,
    "korduvate_t\u00e4htede_arv": 0,
    "k\u00e4\u00e4nds\u00f5nade_osaarv": 0.4686192468619247,
    "leksikonides_esinevade_osaarv": 0.0041841004184100415,
    "lemmapikkuse_osaarv": 5.305555555555555,
    "l\u00e4binisti_suur": 0.04522613065326633,
    "nud-partitsiibiga_verbide_osakaal": 0.08333333333333333,
    "passiivi_osakaal": 0.03333333333333333,
    "puuduva_suure_algust\u00e4hega": 0.010050251256281407,
    "tajuverbide_osaarv": 0.058823529411764705,
    "verbide_esimese_isiku_osaarv": 0.0,
    "verbide_kolmanda_isiku_osaarv": 0.5789473684210527,
    "verbide_teise_isiku_osaarv": 0.42105263157894735
}