{
    "TTR": 0.5794392523364486,
    "ases\u00f5nade_esimese_isiku_osaarv": 0.3333333333333333,
    "ases\u00f5nade_kolmanda_isiku_osaarv": 0.6666666666666666,
    "ases\u00f5nade_teise_isiku_osaarv": 0.0,
    "emotikonide_arv": 0,
    "kaudse_k\u00f5neviisi_osakaal": 0.0,
    "kokkukleepunud_kirjavahem\u00e4rkide_arv": 0,
    "korduvate_juppide_arv": 0,
    "korduvate_s\u00f5nade_arv": 0,
    "k\u00e4\u00e4nds\u00f5nade_osaarv": 0.45161290322580644,
    "leksikonides_esinevade_osaarv": 0.005376344086021506,
    "lemmapikkuse_osaarv": 4.28486646884273,
    "l\u00e4binisti_suur": 0.0,
    "nud-partitsiibiga_verbide_osakaal": 0.11702127659574468,
    "passiivi_osakaal": 0.07446808510638298,
    "puuduva_suure_algust\u00e4hega": 0.0,
    "tajuverbide_osaarv": 0.11392405063291139,
    "verbide_esimese_isiku_osaarv": 0.3,
    "verbide_kolmanda_isiku_osaarv": 0.7,
    "verbide_teise_isiku_osaarv": 0.0
}