{
    "TTR": 0.5504885993485342,
    "ases\u00f5nade_esimese_isiku_osaarv": 0.5833333333333334,
    "ases\u00f5nade_kolmanda_isiku_osaarv": 0.08333333333333333,
    "ases\u00f5nade_teise_isiku_osaarv": 0.3333333333333333,
    "emotikonide_arv": 0,
    "kaudse_k\u00f5neviisi_osakaal": 0.0,
    "kokkukleepunud_kirjavahem\u00e4rkide_arv": 0,
    "korduvate_juppide_arv": 0,
    "korduvate_s\u00f5nade_arv": 0,
    "k\u00e4\u00e4nds\u00f5nade_osaarv": 0.42480211081794195,
    "leksikonides_esinevade_osaarv": 0.0,
    "lemmapikkuse_osaarv": 4.321321321321322,
    "l\u00e4binisti_suur": 0.0,
    "nud-partitsiibiga_verbide_osakaal": 0.047058823529411764,
    "passiivi_osakaal": 0.03529411764705882,
    "puuduva_suure_algust\u00e4hega": 0.0,
    "tajuverbide_osaarv": 0.11267605633802817,
    "verbide_esimese_isiku_osaarv": 0.2857142857142857,
    "verbide_kolmanda_isiku_osaarv": 0.4642857142857143,
    "verbide_teise_isiku_osaarv": 0.25
}