{
    "TTR": 0.6020408163265306,
    "ases\u00f5nade_esimese_isiku_osaarv": -1,
    "ases\u00f5nade_kolmanda_isiku_osaarv": -1,
    "ases\u00f5nade_teise_isiku_osaarv": -1,
    "emotikonide_arv": 0,
    "kaudse_k\u00f5neviisi_osakaal": 0.03333333333333333,
    "kokkukleepunud_kirjavahem\u00e4rkide_arv": 0,
    "korduvate_juppide_arv": 0,
    "korduvate_s\u00f5nade_arv": 0,
    "k\u00e4\u00e4nds\u00f5nade_osaarv": 0.6363636363636364,
    "leksikonides_esinevade_osaarv": 0.004132231404958678,
    "lemmapikkuse_osaarv": 4.502092050209205,
    "l\u00e4binisti_suur": 0.0,
    "nud-partitsiibiga_verbide_osakaal": 0.03333333333333333,
    "passiivi_osakaal": 0.03333333333333333,
    "puuduva_suure_algust\u00e4hega": 0.0,
    "tajuverbide_osaarv": 0.041666666666666664,
    "verbide_esimese_isiku_osaarv": 0.0,
    "verbide_kolmanda_isiku_osaarv": 0.8571428571428571,
    "verbide_teise_isiku_osaarv": 0.14285714285714285
}