{
    "TTR": 0.6653696498054474,
    "ases\u00f5nade_esimese_isiku_osaarv": 0.6,
    "ases\u00f5nade_kolmanda_isiku_osaarv": 0.1,
    "ases\u00f5nade_teise_isiku_osaarv": 0.3,
    "emotikonide_arv": 0,
    "kaudse_k\u00f5neviisi_osakaal": 0.0,
    "kokkukleepunud_kirjavahem\u00e4rkide_arv": 0,
    "korduvate_juppide_arv": 0,
    "korduvate_s\u00f5nade_arv": 0,
    "k\u00e4\u00e4nds\u00f5nade_osaarv": 0.5166666666666667,
    "leksikonides_esinevade_osaarv": 0.0,
    "lemmapikkuse_osaarv": 5.037414965986395,
    "l\u00e4binisti_suur": 0.0,
    "nud-partitsiibiga_verbide_osakaal": 0.031746031746031744,
    "passiivi_osakaal": 0.07936507936507936,
    "puuduva_suure_algust\u00e4hega": 0.0,
    "tajuverbide_osaarv": 0.019230769230769232,
    "verbide_esimese_isiku_osaarv": 0.20833333333333334,
    "verbide_kolmanda_isiku_osaarv": 0.5833333333333334,
    "verbide_teise_isiku_osaarv": 0.20833333333333334
}