{
    "TTR": 0.5431654676258992,
    "ases\u00f5nade_esimese_isiku_osaarv": 0.45454545454545453,
    "ases\u00f5nade_kolmanda_isiku_osaarv": 0.4090909090909091,
    "ases\u00f5nade_teise_isiku_osaarv": 0.13636363636363635,
    "emotikonide_arv": 0,
    "kaudse_k\u00f5neviisi_osakaal": 0.0,
    "kokkukleepunud_kirjavahem\u00e4rkide_arv": 0,
    "korduvate_juppide_arv": 0,
    "korduvate_s\u00f5nade_arv": 1,
    "korduvate_t\u00e4htede_arv": 0,
    "k\u00e4\u00e4nds\u00f5nade_osaarv": 0.34502923976608185,
    "leksikonides_esinevade_osaarv": 0.0,
    "lemmapikkuse_osaarv": 4.114583333333333,
    "l\u00e4binisti_suur": 0.0,
    "nud-partitsiibiga_verbide_osakaal": 0.012987012987012988,
    "passiivi_osakaal": 0.012987012987012988,
    "puuduva_suure_algust\u00e4hega": 0.0,
    "tajuverbide_osaarv": 0.13793103448275862,
    "verbide_esimese_isiku_osaarv": 0.5652173913043478,
    "verbide_kolmanda_isiku_osaarv": 0.30434782608695654,
    "verbide_teise_isiku_osaarv": 0.13043478260869565
}