{
    "TTR": 0.5903954802259888,
    "ases\u00f5nade_esimese_isiku_osaarv": 0.2857142857142857,
    "ases\u00f5nade_kolmanda_isiku_osaarv": 0.7142857142857143,
    "ases\u00f5nade_teise_isiku_osaarv": 0.0,
    "emotikonide_arv": 0,
    "kaudse_k\u00f5neviisi_osakaal": 0.0,
    "kokkukleepunud_kirjavahem\u00e4rkide_arv": 1,
    "korduvate_juppide_arv": 0,
    "korduvate_s\u00f5nade_arv": 1,
    "k\u00e4\u00e4nds\u00f5nade_osaarv": 0.48095238095238096,
    "leksikonides_esinevade_osaarv": 0.0,
    "lemmapikkuse_osaarv": 4.724598930481283,
    "l\u00e4binisti_suur": 0.0,
    "nud-partitsiibiga_verbide_osakaal": 0.061224489795918366,
    "passiivi_osakaal": 0.08163265306122448,
    "puuduva_suure_algust\u00e4hega": 0.0,
    "tajuverbide_osaarv": 0.14864864864864866,
    "verbide_esimese_isiku_osaarv": 0.047619047619047616,
    "verbide_kolmanda_isiku_osaarv": 0.8571428571428571,
    "verbide_teise_isiku_osaarv": 0.09523809523809523
}