{
    "TTR": 0.6590909090909091,
    "ases\u00f5nade_esimese_isiku_osaarv": 0.8181818181818182,
    "ases\u00f5nade_kolmanda_isiku_osaarv": 0.0,
    "ases\u00f5nade_teise_isiku_osaarv": 0.18181818181818182,
    "emotikonide_arv": 2,
    "kaudse_k\u00f5neviisi_osakaal": 0.0,
    "kokkukleepunud_kirjavahem\u00e4rkide_arv": 8,
    "korduvate_juppide_arv": 0,
    "korduvate_s\u00f5nade_arv": 0,
    "korduvate_t\u00e4htede_arv": 0,
    "k\u00e4\u00e4nds\u00f5nade_osaarv": 0.42810457516339867,
    "leksikonides_esinevade_osaarv": 0.0718954248366013,
    "lemmapikkuse_osaarv": 4.380597014925373,
    "l\u00e4binisti_suur": 0.0038461538461538464,
    "nud-partitsiibiga_verbide_osakaal": 0.08108108108108109,
    "passiivi_osakaal": 0.02702702702702703,
    "puuduva_suure_algust\u00e4hega": 0.023076923076923078,
    "tajuverbide_osaarv": 0.1774193548387097,
    "verbide_esimese_isiku_osaarv": 0.12,
    "verbide_kolmanda_isiku_osaarv": 0.8,
    "verbide_teise_isiku_osaarv": 0.08
}