{
    "TTR": 0.6472491909385113,
    "ases\u00f5nade_esimese_isiku_osaarv": 0.0,
    "ases\u00f5nade_kolmanda_isiku_osaarv": 1.0,
    "ases\u00f5nade_teise_isiku_osaarv": 0.0,
    "emotikonide_arv": 1,
    "kaudse_k\u00f5neviisi_osakaal": 0.0,
    "kokkukleepunud_kirjavahem\u00e4rkide_arv": 8,
    "korduvate_juppide_arv": 0,
    "korduvate_s\u00f5nade_arv": 1,
    "k\u00e4\u00e4nds\u00f5nade_osaarv": 0.48158640226628896,
    "leksikonides_esinevade_osaarv": 0.0056657223796034,
    "lemmapikkuse_osaarv": 4.73121387283237,
    "l\u00e4binisti_suur": 0.0,
    "nud-partitsiibiga_verbide_osakaal": 0.0196078431372549,
    "passiivi_osakaal": 0.00980392156862745,
    "puuduva_suure_algust\u00e4hega": 0.009771986970684038,
    "tajuverbide_osaarv": 0.10975609756097561,
    "verbide_esimese_isiku_osaarv": 0.0,
    "verbide_kolmanda_isiku_osaarv": 0.6666666666666666,
    "verbide_teise_isiku_osaarv": 0.3333333333333333
}