{
    "TTR": 0.6129032258064516,
    "ases\u00f5nade_esimese_isiku_osaarv": 0.8125,
    "ases\u00f5nade_kolmanda_isiku_osaarv": 0.1875,
    "ases\u00f5nade_teise_isiku_osaarv": 0.0,
    "emotikonide_arv": 0,
    "kaudse_k\u00f5neviisi_osakaal": 0.0,
    "kokkukleepunud_kirjavahem\u00e4rkide_arv": 0,
    "korduvate_juppide_arv": 0,
    "korduvate_s\u00f5nade_arv": 0,
    "korduvate_t\u00e4htede_arv": 0,
    "k\u00e4\u00e4nds\u00f5nade_osaarv": 0.5079365079365079,
    "leksikonides_esinevade_osaarv": 0.005291005291005291,
    "lemmapikkuse_osaarv": 4.307228915662651,
    "l\u00e4binisti_suur": 0.0,
    "nud-partitsiibiga_verbide_osakaal": 0.0851063829787234,
    "passiivi_osakaal": 0.02127659574468085,
    "puuduva_suure_algust\u00e4hega": 0.0,
    "tajuverbide_osaarv": 0.14285714285714285,
    "verbide_esimese_isiku_osaarv": 0.4444444444444444,
    "verbide_kolmanda_isiku_osaarv": 0.5,
    "verbide_teise_isiku_osaarv": 0.05555555555555555
}