{
    "TTR": 0.7261904761904762,
    "ases\u00f5nade_esimese_isiku_osaarv": 0.6666666666666666,
    "ases\u00f5nade_kolmanda_isiku_osaarv": 0.0,
    "ases\u00f5nade_teise_isiku_osaarv": 0.3333333333333333,
    "emotikonide_arv": 0,
    "kaudse_k\u00f5neviisi_osakaal": 0.0,
    "kokkukleepunud_kirjavahem\u00e4rkide_arv": 1,
    "korduvate_juppide_arv": 0,
    "korduvate_s\u00f5nade_arv": 0,
    "k\u00e4\u00e4nds\u00f5nade_osaarv": 0.5343915343915344,
    "leksikonides_esinevade_osaarv": 0.005291005291005291,
    "lemmapikkuse_osaarv": 4.887096774193548,
    "l\u00e4binisti_suur": 0.0,
    "nud-partitsiibiga_verbide_osakaal": 0.024390243902439025,
    "passiivi_osakaal": 0.12195121951219512,
    "puuduva_suure_algust\u00e4hega": 0.0,
    "tajuverbide_osaarv": 0.25925925925925924,
    "verbide_esimese_isiku_osaarv": 0.45454545454545453,
    "verbide_kolmanda_isiku_osaarv": 0.5454545454545454,
    "verbide_teise_isiku_osaarv": 0.0
}