{
    "TTR": 0.6697247706422018,
    "ases\u00f5nade_esimese_isiku_osaarv": -1,
    "ases\u00f5nade_kolmanda_isiku_osaarv": -1,
    "ases\u00f5nade_teise_isiku_osaarv": -1,
    "emotikonide_arv": 0,
    "kaudse_k\u00f5neviisi_osakaal": 0.0,
    "kokkukleepunud_kirjavahem\u00e4rkide_arv": 1,
    "korduvate_juppide_arv": 0,
    "korduvate_s\u00f5nade_arv": 0,
    "k\u00e4\u00e4nds\u00f5nade_osaarv": 0.39705882352941174,
    "leksikonides_esinevade_osaarv": 0.014705882352941176,
    "lemmapikkuse_osaarv": 4.745901639344262,
    "l\u00e4binisti_suur": 0.0,
    "nud-partitsiibiga_verbide_osakaal": 0.017241379310344827,
    "passiivi_osakaal": 0.017241379310344827,
    "puuduva_suure_algust\u00e4hega": 0.031818181818181815,
    "tajuverbide_osaarv": 0.18,
    "verbide_esimese_isiku_osaarv": 0.19230769230769232,
    "verbide_kolmanda_isiku_osaarv": 0.5,
    "verbide_teise_isiku_osaarv": 0.3076923076923077
}