{
    "TTR": 0.7,
    "ases\u00f5nade_esimese_isiku_osaarv": 0.42857142857142855,
    "ases\u00f5nade_kolmanda_isiku_osaarv": 0.42857142857142855,
    "ases\u00f5nade_teise_isiku_osaarv": 0.14285714285714285,
    "emotikonide_arv": 0,
    "kaudse_k\u00f5neviisi_osakaal": 0.0,
    "kokkukleepunud_kirjavahem\u00e4rkide_arv": 4,
    "korduvate_juppide_arv": 0,
    "korduvate_s\u00f5nade_arv": 0,
    "k\u00e4\u00e4nds\u00f5nade_osaarv": 0.47761194029850745,
    "leksikonides_esinevade_osaarv": 0.007462686567164179,
    "lemmapikkuse_osaarv": 4.476987447698745,
    "l\u00e4binisti_suur": 0.0,
    "nud-partitsiibiga_verbide_osakaal": 0.014285714285714285,
    "passiivi_osakaal": 0.014285714285714285,
    "puuduva_suure_algust\u00e4hega": 0.022321428571428572,
    "tajuverbide_osaarv": 0.125,
    "verbide_esimese_isiku_osaarv": 0.19230769230769232,
    "verbide_kolmanda_isiku_osaarv": 0.5384615384615384,
    "verbide_teise_isiku_osaarv": 0.2692307692307692
}