{
    "TTR": 0.6653992395437263,
    "ases\u00f5nade_esimese_isiku_osaarv": 0.5882352941176471,
    "ases\u00f5nade_kolmanda_isiku_osaarv": 0.29411764705882354,
    "ases\u00f5nade_teise_isiku_osaarv": 0.11764705882352941,
    "emotikonide_arv": 0,
    "kaudse_k\u00f5neviisi_osakaal": 0.0,
    "kokkukleepunud_kirjavahem\u00e4rkide_arv": 1,
    "korduvate_juppide_arv": 0,
    "korduvate_s\u00f5nade_arv": 0,
    "korduvate_t\u00e4htede_arv": 1,
    "k\u00e4\u00e4nds\u00f5nade_osaarv": 0.48220064724919093,
    "leksikonides_esinevade_osaarv": 0.0,
    "lemmapikkuse_osaarv": 4.223021582733813,
    "l\u00e4binisti_suur": 0.0,
    "nud-partitsiibiga_verbide_osakaal": 0.05128205128205128,
    "passiivi_osakaal": 0.02564102564102564,
    "puuduva_suure_algust\u00e4hega": 0.0,
    "tajuverbide_osaarv": 0.171875,
    "verbide_esimese_isiku_osaarv": 0.4883720930232558,
    "verbide_kolmanda_isiku_osaarv": 0.4186046511627907,
    "verbide_teise_isiku_osaarv": 0.09302325581395349
}