{
    "TTR": 0.6909722222222222,
    "ases\u00f5nade_esimese_isiku_osaarv": 0.0,
    "ases\u00f5nade_kolmanda_isiku_osaarv": 1.0,
    "ases\u00f5nade_teise_isiku_osaarv": 0.0,
    "emotikonide_arv": 0,
    "kaudse_k\u00f5neviisi_osakaal": 0.013157894736842105,
    "kokkukleepunud_kirjavahem\u00e4rkide_arv": 2,
    "korduvate_juppide_arv": 0,
    "korduvate_s\u00f5nade_arv": 0,
    "korduvate_t\u00e4htede_arv": 0,
    "k\u00e4\u00e4nds\u00f5nade_osaarv": 0.5172413793103449,
    "leksikonides_esinevade_osaarv": 0.0028735632183908046,
    "lemmapikkuse_osaarv": 4.87037037037037,
    "l\u00e4binisti_suur": 0.0,
    "nud-partitsiibiga_verbide_osakaal": 0.02631578947368421,
    "passiivi_osakaal": 0.06578947368421052,
    "puuduva_suure_algust\u00e4hega": 0.0,
    "tajuverbide_osaarv": 0.08771929824561403,
    "verbide_esimese_isiku_osaarv": 0.0,
    "verbide_kolmanda_isiku_osaarv": 0.967741935483871,
    "verbide_teise_isiku_osaarv": 0.03225806451612903
}