{
    "TTR": 0.5076923076923077,
    "ases\u00f5nade_esimese_isiku_osaarv": 0.6764705882352942,
    "ases\u00f5nade_kolmanda_isiku_osaarv": 0.3235294117647059,
    "ases\u00f5nade_teise_isiku_osaarv": 0.0,
    "emotikonide_arv": 0,
    "kaudse_k\u00f5neviisi_osakaal": 0.0,
    "kokkukleepunud_kirjavahem\u00e4rkide_arv": 13,
    "korduvate_juppide_arv": 0,
    "korduvate_s\u00f5nade_arv": 0,
    "k\u00e4\u00e4nds\u00f5nade_osaarv": 0.4954954954954955,
    "leksikonides_esinevade_osaarv": 0.0,
    "lemmapikkuse_osaarv": 4.225961538461538,
    "l\u00e4binisti_suur": 0.0,
    "nud-partitsiibiga_verbide_osakaal": 0.03571428571428571,
    "passiivi_osakaal": 0.0,
    "puuduva_suure_algust\u00e4hega": 0.005128205128205128,
    "tajuverbide_osaarv": 0.18181818181818182,
    "verbide_esimese_isiku_osaarv": 0.34782608695652173,
    "verbide_kolmanda_isiku_osaarv": 0.5652173913043478,
    "verbide_teise_isiku_osaarv": 0.08695652173913043
}