{
    "TTR": 0.6666666666666666,
    "ases\u00f5nade_esimese_isiku_osaarv": 0.9166666666666666,
    "ases\u00f5nade_kolmanda_isiku_osaarv": 0.08333333333333333,
    "ases\u00f5nade_teise_isiku_osaarv": 0.0,
    "emotikonide_arv": 0,
    "kaudse_k\u00f5neviisi_osakaal": 0.0,
    "kokkukleepunud_kirjavahem\u00e4rkide_arv": 1,
    "korduvate_juppide_arv": 0,
    "korduvate_s\u00f5nade_arv": 0,
    "k\u00e4\u00e4nds\u00f5nade_osaarv": 0.4875,
    "leksikonides_esinevade_osaarv": 0.009375,
    "lemmapikkuse_osaarv": 4.430868167202572,
    "l\u00e4binisti_suur": 0.003703703703703704,
    "nud-partitsiibiga_verbide_osakaal": 0.04225352112676056,
    "passiivi_osakaal": 0.07042253521126761,
    "puuduva_suure_algust\u00e4hega": 0.003703703703703704,
    "tajuverbide_osaarv": 0.125,
    "verbide_esimese_isiku_osaarv": 0.2916666666666667,
    "verbide_kolmanda_isiku_osaarv": 0.4583333333333333,
    "verbide_teise_isiku_osaarv": 0.25
}