{
    "formaalsus_ilma": 0.41025641025641024,
    "formaalsus_kaalud": 0.38489721886336153,
    "formaalsus_kaalud_sujuv": 0.3976691729323309,
    "spontaansus_ilma": 0.2711864406779661,
    "spontaansus_kaalud": 0.3987938596491228,
    "spontaansus_kaalud_sujuv": 0.3548987854251012
}