{
    "formaalsus_ilma": 0.41025641025641024,
    "formaalsus_kaalud": 0.38489721886336153,
    "formaalsus_kaalud_sujuv": 0.3976691729323309,
    "spontaansus_ilma": 0.2542372881355932,
    "spontaansus_kaalud": 0.4014035087719298,
    "spontaansus_kaalud_sujuv": 0.3548987854251012
}