{
    "formaalsus_ilma": 0.41025641025641024,
    "formaalsus_kaalud": 0.3834945586457074,
    "formaalsus_kaalud_sujuv": 0.39761904761904765,
    "spontaansus_ilma": 0.23728813559322035,
    "spontaansus_kaalud": 0.2827850877192982,
    "spontaansus_kaalud_sujuv": 0.2689878542510121
}