{
    "formaalsus_ilma": 0.47435897435897434,
    "formaalsus_kaalud": 0.5120072551390569,
    "formaalsus_kaalud_sujuv": 0.5145614035087719,
    "spontaansus_ilma": 0.3220338983050847,
    "spontaansus_kaalud": 0.28875000000000006,
    "spontaansus_kaalud_sujuv": 0.2946963562753036
}