{
    "formaalsus_ilma": 0.5512820512820513,
    "formaalsus_kaalud": 0.6295888754534461,
    "formaalsus_kaalud_sujuv": 0.6246115288220552,
    "spontaansus_ilma": 0.2033898305084746,
    "spontaansus_kaalud": 0.14394736842105263,
    "spontaansus_kaalud_sujuv": 0.15327935222672065
}