{
    "formaalsus_ilma": 0.5512820512820513,
    "formaalsus_kaalud": 0.6025755743651753,
    "formaalsus_kaalud_sujuv": 0.5998245614035087,
    "spontaansus_ilma": 0.1694915254237288,
    "spontaansus_kaalud": 0.06543859649122807,
    "spontaansus_kaalud_sujuv": 0.0831174089068826
}