{
    "formaalsus_ilma": 0.4358974358974359,
    "formaalsus_kaalud": 0.34713422007255146,
    "formaalsus_kaalud_sujuv": 0.3765914786967418,
    "spontaansus_ilma": 0.3898305084745763,
    "spontaansus_kaalud": 0.403969298245614,
    "spontaansus_kaalud_sujuv": 0.3953441295546559
}