{
    "formaalsus_ilma": 0.47435897435897434,
    "formaalsus_kaalud": 0.4914510278113664,
    "formaalsus_kaalud_sujuv": 0.4952380952380952,
    "spontaansus_ilma": 0.2711864406779661,
    "spontaansus_kaalud": 0.33094298245614034,
    "spontaansus_kaalud_sujuv": 0.3183400809716599
}