{
    "formaalsus_ilma": 0.4358974358974359,
    "formaalsus_kaalud": 0.33836759371221287,
    "formaalsus_kaalud_sujuv": 0.36734335839598997,
    "spontaansus_ilma": 0.3559322033898305,
    "spontaansus_kaalud": 0.5796710526315789,
    "spontaansus_kaalud_sujuv": 0.5092712550607288
}