{
    "formaalsus_ilma": 0.47435897435897434,
    "formaalsus_kaalud": 0.4914510278113664,
    "formaalsus_kaalud_sujuv": 0.4952380952380952,
    "spontaansus_ilma": 0.3220338983050847,
    "spontaansus_kaalud": 0.3486184210526316,
    "spontaansus_kaalud_sujuv": 0.33161943319838055
}