{
    "formaalsus_ilma": 0.4358974358974359,
    "formaalsus_kaalud": 0.33836759371221287,
    "formaalsus_kaalud_sujuv": 0.36734335839598997,
    "spontaansus_ilma": 0.4406779661016949,
    "spontaansus_kaalud": 0.5732236842105263,
    "spontaansus_kaalud_sujuv": 0.508421052631579
}