{
    "formaalsus_ilma": 0.5512820512820513,
    "formaalsus_kaalud": 0.6025755743651753,
    "formaalsus_kaalud_sujuv": 0.5998245614035087,
    "spontaansus_ilma": 0.1016949152542373,
    "spontaansus_kaalud": 0.03997807017543857,
    "spontaansus_kaalud_sujuv": 0.06546558704453442
}