{
    "formaalsus_ilma": 0.5128205128205128,
    "formaalsus_kaalud": 0.5362515114873035,
    "formaalsus_kaalud_sujuv": 0.5411278195488721,
    "spontaansus_ilma": 0.288135593220339,
    "spontaansus_kaalud": 0.3857675438596491,
    "spontaansus_kaalud_sujuv": 0.3621052631578947
}