{
    "formaalsus_ilma": 0.5128205128205128,
    "formaalsus_kaalud": 0.5586698911729141,
    "formaalsus_kaalud_sujuv": 0.562907268170426,
    "spontaansus_ilma": 0.288135593220339,
    "spontaansus_kaalud": 0.3261622807017544,
    "spontaansus_kaalud_sujuv": 0.31611336032388665
}