{
    "formaalsus_ilma": 0.358974358974359,
    "formaalsus_kaalud": 0.3173881499395405,
    "formaalsus_kaalud_sujuv": 0.3308270676691729,
    "spontaansus_ilma": 0.4576271186440678,
    "spontaansus_kaalud": 0.6789473684210526,
    "spontaansus_kaalud_sujuv": 0.615748987854251
}