{
    "formaalsus_ilma": 0.358974358974359,
    "formaalsus_kaalud": 0.322490931076179,
    "formaalsus_kaalud_sujuv": 0.3356892230576441,
    "spontaansus_ilma": 0.5084745762711864,
    "spontaansus_kaalud": 0.5409649122807018,
    "spontaansus_kaalud_sujuv": 0.5307692307692308
}