{
    "formaalsus_ilma": 0.358974358974359,
    "formaalsus_kaalud": 0.3173881499395405,
    "formaalsus_kaalud_sujuv": 0.3308270676691729,
    "spontaansus_ilma": 0.5423728813559322,
    "spontaansus_kaalud": 0.6828728070175438,
    "spontaansus_kaalud_sujuv": 0.621336032388664
}