{
    "formaalsus_ilma": 0.46153846153846156,
    "formaalsus_kaalud": 0.4482466747279323,
    "formaalsus_kaalud_sujuv": 0.45619047619047615,
    "spontaansus_ilma": 0.22033898305084745,
    "spontaansus_kaalud": 0.26442982456140346,
    "spontaansus_kaalud_sujuv": 0.2565991902834008
}