{
    "formaalsus_ilma": 0.47435897435897434,
    "formaalsus_kaalud": 0.4798307134220072,
    "formaalsus_kaalud_sujuv": 0.4873182957393484,
    "spontaansus_ilma": 0.3050847457627119,
    "spontaansus_kaalud": 0.2986622807017544,
    "spontaansus_kaalud_sujuv": 0.2938461538461538
}