{
    "formaalsus_ilma": 0.47435897435897434,
    "formaalsus_kaalud": 0.4558645707376058,
    "formaalsus_kaalud_sujuv": 0.4655137844611529,
    "spontaansus_ilma": 0.288135593220339,
    "spontaansus_kaalud": 0.2638157894736842,
    "spontaansus_kaalud_sujuv": 0.251336032388664
}