{
    "formaalsus_ilma": 0.47435897435897434,
    "formaalsus_kaalud": 0.4558645707376058,
    "formaalsus_kaalud_sujuv": 0.4655137844611529,
    "spontaansus_ilma": 0.2033898305084746,
    "spontaansus_kaalud": 0.2446271929824561,
    "spontaansus_kaalud_sujuv": 0.237085020242915
}