{
    "formaalsus_ilma": 0.6923076923076923,
    "formaalsus_kaalud": 0.7012938331318017,
    "formaalsus_kaalud_sujuv": 0.7116290726817043,
    "spontaansus_ilma": 0.23728813559322035,
    "spontaansus_kaalud": 0.17809210526315786,
    "spontaansus_kaalud_sujuv": 0.20866396761133602
}