{
    "formaalsus_ilma": 0.6923076923076923,
    "formaalsus_kaalud": 0.7430229746070133,
    "formaalsus_kaalud_sujuv": 0.7466917293233082,
    "spontaansus_ilma": 0.3559322033898305,
    "spontaansus_kaalud": 0.40521929824561403,
    "spontaansus_kaalud_sujuv": 0.39133603238866393
}