{
    "formaalsus_ilma": 0.6923076923076923,
    "formaalsus_kaalud": 0.7012938331318017,
    "formaalsus_kaalud_sujuv": 0.7116290726817043,
    "spontaansus_ilma": 0.288135593220339,
    "spontaansus_kaalud": 0.20857456140350875,
    "spontaansus_kaalud_sujuv": 0.22854251012145746
}