{
    "formaalsus_ilma": 0.8205128205128205,
    "formaalsus_kaalud": 0.8749214026602176,
    "formaalsus_kaalud_sujuv": 0.8753383458646616,
    "spontaansus_ilma": 0.0,
    "spontaansus_kaalud": 0.0,
    "spontaansus_kaalud_sujuv": 0.0
}