{
    "formaalsus_ilma": 0.8205128205128205,
    "formaalsus_kaalud": 0.9071825876662636,
    "formaalsus_kaalud_sujuv": 0.9027819548872181,
    "spontaansus_ilma": 0.05084745762711865,
    "spontaansus_kaalud": 0.06076754385964914,
    "spontaansus_kaalud_sujuv": 0.05562753036437245
}