{
    "formaalsus_ilma": 0.7435897435897436,
    "formaalsus_kaalud": 0.7251995163240629,
    "formaalsus_kaalud_sujuv": 0.7416290726817043,
    "spontaansus_ilma": 0.06779661016949153,
    "spontaansus_kaalud": 4.385964912276713e-05,
    "spontaansus_kaalud_sujuv": 0.029635627530364344
}