{
    "formaalsus_ilma": 0.7948717948717948,
    "formaalsus_kaalud": 0.8288996372430472,
    "formaalsus_kaalud_sujuv": 0.8310776942355891,
    "spontaansus_ilma": 0.288135593220339,
    "spontaansus_kaalud": 0.0832017543859649,
    "spontaansus_kaalud_sujuv": 0.13526315789473686
}