{
    "formaalsus_ilma": 0.782051282051282,
    "formaalsus_kaalud": 0.8212817412333737,
    "formaalsus_kaalud_sujuv": 0.8217543859649122,
    "spontaansus_ilma": 0.22033898305084745,
    "spontaansus_kaalud": 0.06743421052631579,
    "spontaansus_kaalud_sujuv": 0.1317813765182186
}