{
    "formaalsus_ilma": 0.7564102564102564,
    "formaalsus_kaalud": 0.767037484885127,
    "formaalsus_kaalud_sujuv": 0.7742606516290726,
    "spontaansus_ilma": 0.1016949152542373,
    "spontaansus_kaalud": 0.028728070175438585,
    "spontaansus_kaalud_sujuv": 0.05902834008097165
}