{
    "formaalsus_ilma": 0.7435897435897436,
    "formaalsus_kaalud": 0.7514631197097945,
    "formaalsus_kaalud_sujuv": 0.7624310776942356,
    "spontaansus_ilma": 0.15254237288135594,
    "spontaansus_kaalud": 0.2207236842105263,
    "spontaansus_kaalud_sujuv": 0.1997165991902834
}