{
    "formaalsus_ilma": 0.7948717948717948,
    "formaalsus_kaalud": 0.8537484885126965,
    "formaalsus_kaalud_sujuv": 0.8481704260651628,
    "spontaansus_ilma": 0.3728813559322034,
    "spontaansus_kaalud": 0.32842105263157895,
    "spontaansus_kaalud_sujuv": 0.340080971659919
}