{
    "formaalsus_ilma": 0.8333333333333334,
    "formaalsus_kaalud": 0.8825755743651753,
    "formaalsus_kaalud_sujuv": 0.8796741854636592,
    "spontaansus_ilma": 0.11864406779661017,
    "spontaansus_kaalud": 0.10500000000000001,
    "spontaansus_kaalud_sujuv": 0.1108502024291498
}