{
    "formaalsus_ilma": 0.8333333333333334,
    "formaalsus_kaalud": 0.8682224909310762,
    "formaalsus_kaalud_sujuv": 0.8704260651629071,
    "spontaansus_ilma": 0.05084745762711865,
    "spontaansus_kaalud": 0.0,
    "spontaansus_kaalud_sujuv": 0.0
}