{
    "formaalsus_ilma": 0.8076923076923077,
    "formaalsus_kaalud": 0.8391172914147522,
    "formaalsus_kaalud_sujuv": 0.8464160401002507,
    "spontaansus_ilma": 0.01694915254237288,
    "spontaansus_kaalud": 0.0,
    "spontaansus_kaalud_sujuv": 0.0
}