{
    "formaalsus_ilma": 0.7435897435897436,
    "formaalsus_kaalud": 0.7251995163240629,
    "formaalsus_kaalud_sujuv": 0.7416290726817043,
    "spontaansus_ilma": 0.0847457627118644,
    "spontaansus_kaalud": 0.016206140350877193,
    "spontaansus_kaalud_sujuv": 0.03862348178137651
}