{
    "formaalsus_ilma": 0.7948717948717948,
    "formaalsus_kaalud": 0.8288996372430472,
    "formaalsus_kaalud_sujuv": 0.8310776942355891,
    "spontaansus_ilma": 0.2033898305084746,
    "spontaansus_kaalud": 0.04763157894736842,
    "spontaansus_kaalud_sujuv": 0.11226720647773278
}