{
    "formaalsus_ilma": 0.8076923076923077,
    "formaalsus_kaalud": 0.8697581620314389,
    "formaalsus_kaalud_sujuv": 0.8733082706766917,
    "spontaansus_ilma": 0.15254237288135594,
    "spontaansus_kaalud": 0.10883771929824562,
    "spontaansus_kaalud_sujuv": 0.11465587044534413
}