{
    "formaalsus_ilma": 0.7564102564102564,
    "formaalsus_kaalud": 0.777726723095526,
    "formaalsus_kaalud_sujuv": 0.7816541353383458,
    "spontaansus_ilma": 0.22033898305084745,
    "spontaansus_kaalud": 0.15598684210526315,
    "spontaansus_kaalud_sujuv": 0.16983805668016194
}