{
    "formaalsus_ilma": 0.7564102564102564,
    "formaalsus_kaalud": 0.767037484885127,
    "formaalsus_kaalud_sujuv": 0.7742606516290726,
    "spontaansus_ilma": 0.1864406779661017,
    "spontaansus_kaalud": 0.039364035087719275,
    "spontaansus_kaalud_sujuv": 0.06623481781376518
}