{
    "formaalsus_ilma": 0.5897435897435898,
    "formaalsus_kaalud": 0.5798307134220072,
    "formaalsus_kaalud_sujuv": 0.5943609022556391,
    "spontaansus_ilma": 0.11864406779661017,
    "spontaansus_kaalud": 0.18037280701754385,
    "spontaansus_kaalud_sujuv": 0.1583805668016194
}