{
    "formaalsus_ilma": 0.717948717948718,
    "formaalsus_kaalud": 0.792720677146312,
    "formaalsus_kaalud_sujuv": 0.7902756892230578,
    "spontaansus_ilma": 0.1864406779661017,
    "spontaansus_kaalud": 0.1816447368421053,
    "spontaansus_kaalud_sujuv": 0.18052631578947367
}