{
    "formaalsus_ilma": 0.7051282051282052,
    "formaalsus_kaalud": 0.753639661426844,
    "formaalsus_kaalud_sujuv": 0.7530075187969926,
    "spontaansus_ilma": 0.1016949152542373,
    "spontaansus_kaalud": 0.01837719298245613,
    "spontaansus_kaalud_sujuv": 0.053481781376518225
}