{
    "formaalsus_ilma": 0.5897435897435898,
    "formaalsus_kaalud": 0.5822370012091899,
    "formaalsus_kaalud_sujuv": 0.5974185463659148,
    "spontaansus_ilma": 0.1016949152542373,
    "spontaansus_kaalud": 0.10642543859649123,
    "spontaansus_kaalud_sujuv": 0.10408906882591092
}