{
    "formaalsus_ilma": 0.717948717948718,
    "formaalsus_kaalud": 0.7612575574365175,
    "formaalsus_kaalud_sujuv": 0.7623308270676692,
    "spontaansus_ilma": 0.13559322033898305,
    "spontaansus_kaalud": 0.019320175438596498,
    "spontaansus_kaalud_sujuv": 0.047044534412955454
}