{
    "formaalsus_ilma": 0.5897435897435898,
    "formaalsus_kaalud": 0.5798307134220072,
    "formaalsus_kaalud_sujuv": 0.5943609022556391,
    "spontaansus_ilma": 0.13559322033898305,
    "spontaansus_kaalud": 0.1718201754385965,
    "spontaansus_kaalud_sujuv": 0.1539676113360324
}