{
    "formaalsus_ilma": 0.717948717948718,
    "formaalsus_kaalud": 0.7612575574365175,
    "formaalsus_kaalud_sujuv": 0.7623308270676692,
    "spontaansus_ilma": 0.0847457627118644,
    "spontaansus_kaalud": 0.0,
    "spontaansus_kaalud_sujuv": 0.03396761133603239
}