{
    "formaalsus_ilma": 0.6282051282051282,
    "formaalsus_kaalud": 0.6506650544135429,
    "formaalsus_kaalud_sujuv": 0.6643859649122806,
    "spontaansus_ilma": 0.2033898305084746,
    "spontaansus_kaalud": 0.31260964912280703,
    "spontaansus_kaalud_sujuv": 0.28295546558704454
}