{
    "formaalsus_ilma": 0.6282051282051282,
    "formaalsus_kaalud": 0.6290568319226119,
    "formaalsus_kaalud_sujuv": 0.6446115288220551,
    "spontaansus_ilma": 0.1864406779661017,
    "spontaansus_kaalud": 0.2556798245614035,
    "spontaansus_kaalud_sujuv": 0.23870445344129554
}