{
    "formaalsus_ilma": 0.5384615384615384,
    "formaalsus_kaalud": 0.4451995163240628,
    "formaalsus_kaalud_sujuv": 0.47065162907268177,
    "spontaansus_ilma": 0.3050847457627119,
    "spontaansus_kaalud": 0.42315789473684207,
    "spontaansus_kaalud_sujuv": 0.391578947368421
}