{
    "formaalsus_ilma": 0.5384615384615384,
    "formaalsus_kaalud": 0.45853688029020556,
    "formaalsus_kaalud_sujuv": 0.4751127819548872,
    "spontaansus_ilma": 0.3220338983050847,
    "spontaansus_kaalud": 0.37230263157894733,
    "spontaansus_kaalud_sujuv": 0.3571255060728745
}