{
    "formaalsus_ilma": 0.5384615384615384,
    "formaalsus_kaalud": 0.4451995163240628,
    "formaalsus_kaalud_sujuv": 0.47065162907268177,
    "spontaansus_ilma": 0.3220338983050847,
    "spontaansus_kaalud": 0.4360307017543859,
    "spontaansus_kaalud_sujuv": 0.4011336032388664
}