{
    "formaalsus_ilma": 0.358974358974359,
    "formaalsus_kaalud": 0.3734461910519952,
    "formaalsus_kaalud_sujuv": 0.3765914786967418,
    "spontaansus_ilma": 0.4745762711864407,
    "spontaansus_kaalud": 0.6363157894736842,
    "spontaansus_kaalud_sujuv": 0.5874089068825911
}