{
    "formaalsus_ilma": 0.358974358974359,
    "formaalsus_kaalud": 0.3846553808948005,
    "formaalsus_kaalud_sujuv": 0.3894736842105263,
    "spontaansus_ilma": 0.4406779661016949,
    "spontaansus_kaalud": 0.5070833333333333,
    "spontaansus_kaalud_sujuv": 0.49283400809716604
}