{
    "formaalsus_ilma": 0.358974358974359,
    "formaalsus_kaalud": 0.3734461910519952,
    "formaalsus_kaalud_sujuv": 0.3765914786967418,
    "spontaansus_ilma": 0.4576271186440678,
    "spontaansus_kaalud": 0.6320614035087719,
    "spontaansus_kaalud_sujuv": 0.5821457489878543
}