{
    "formaalsus_ilma": 0.5512820512820513,
    "formaalsus_kaalud": 0.5282466747279323,
    "formaalsus_kaalud_sujuv": 0.53937343358396,
    "spontaansus_ilma": 0.2033898305084746,
    "spontaansus_kaalud": 0.2556578947368421,
    "spontaansus_kaalud_sujuv": 0.2431578947368421
}