{
    "formaalsus_ilma": 0.34615384615384615,
    "formaalsus_kaalud": 0.36582829504232167,
    "formaalsus_kaalud_sujuv": 0.3672681704260652,
    "spontaansus_ilma": 0.4745762711864407,
    "spontaansus_kaalud": 0.6518640350877193,
    "spontaansus_kaalud_sujuv": 0.6016599190283402
}