{
    "formaalsus_ilma": 0.5512820512820513,
    "formaalsus_kaalud": 0.5326481257557436,
    "formaalsus_kaalud_sujuv": 0.5429072681704261,
    "spontaansus_ilma": 0.2033898305084746,
    "spontaansus_kaalud": 0.2357017543859649,
    "spontaansus_kaalud_sujuv": 0.22728744939271256
}