{
    "formaalsus_ilma": 0.38461538461538464,
    "formaalsus_kaalud": 0.3765175332527207,
    "formaalsus_kaalud_sujuv": 0.38651629072681704,
    "spontaansus_ilma": 0.3898305084745763,
    "spontaansus_kaalud": 0.4186403508771929,
    "spontaansus_kaalud_sujuv": 0.40546558704453445
}