{
    "formaalsus_ilma": 0.38461538461538464,
    "formaalsus_kaalud": 0.35446191051995163,
    "formaalsus_kaalud_sujuv": 0.364812030075188,
    "spontaansus_ilma": 0.3050847457627119,
    "spontaansus_kaalud": 0.4349561403508772,
    "spontaansus_kaalud_sujuv": 0.4
}