{
    "formaalsus_ilma": 0.38461538461538464,
    "formaalsus_kaalud": 0.35446191051995163,
    "formaalsus_kaalud_sujuv": 0.364812030075188,
    "spontaansus_ilma": 0.3898305084745763,
    "spontaansus_kaalud": 0.4404824561403509,
    "spontaansus_kaalud_sujuv": 0.40562753036437244
}