{
    "formaalsus_ilma": 0.48717948717948717,
    "formaalsus_kaalud": 0.4956106408706167,
    "formaalsus_kaalud_sujuv": 0.5089724310776942,
    "spontaansus_ilma": 0.1864406779661017,
    "spontaansus_kaalud": 0.2619736842105263,
    "spontaansus_kaalud_sujuv": 0.241497975708502
}