{
    "formaalsus_ilma": 0.48717948717948717,
    "formaalsus_kaalud": 0.47869407496977023,
    "formaalsus_kaalud_sujuv": 0.4923057644110276,
    "spontaansus_ilma": 0.2033898305084746,
    "spontaansus_kaalud": 0.3094298245614035,
    "spontaansus_kaalud_sujuv": 0.2774089068825911
}