{
    "formaalsus_ilma": 0.5,
    "formaalsus_kaalud": 0.6199153567110036,
    "formaalsus_kaalud_sujuv": 0.5930325814536341,
    "spontaansus_ilma": 0.3559322033898305,
    "spontaansus_kaalud": 0.40451754385964916,
    "spontaansus_kaalud_sujuv": 0.40433198380566804
}