{
    "formaalsus_ilma": 0.5,
    "formaalsus_kaalud": 0.6376541717049578,
    "formaalsus_kaalud_sujuv": 0.607218045112782,
    "spontaansus_ilma": 0.4406779661016949,
    "spontaansus_kaalud": 0.5303070175438597,
    "spontaansus_kaalud_sujuv": 0.5136842105263157
}