{
    "formaalsus_ilma": 0.3076923076923077,
    "formaalsus_kaalud": 0.2732527206771463,
    "formaalsus_kaalud_sujuv": 0.2735338345864662,
    "spontaansus_ilma": 0.5932203389830508,
    "spontaansus_kaalud": 0.7085526315789473,
    "spontaansus_kaalud_sujuv": 0.6834412955465587
}