{
    "formaalsus_ilma": 0.3333333333333333,
    "formaalsus_kaalud": 0.41135429262394196,
    "formaalsus_kaalud_sujuv": 0.39644110275689226,
    "spontaansus_ilma": 0.4406779661016949,
    "spontaansus_kaalud": 0.4969078947368421,
    "spontaansus_kaalud_sujuv": 0.4836032388663967
}