{
    "formaalsus_ilma": 0.3076923076923077,
    "formaalsus_kaalud": 0.2867110036275695,
    "formaalsus_kaalud_sujuv": 0.2915288220551378,
    "spontaansus_ilma": 0.6271186440677966,
    "spontaansus_kaalud": 0.921359649122807,
    "spontaansus_kaalud_sujuv": 0.8312955465587045
}