{
    "formaalsus_ilma": 0.3333333333333333,
    "formaalsus_kaalud": 0.3945949214026602,
    "formaalsus_kaalud_sujuv": 0.3806766917293233,
    "spontaansus_ilma": 0.3898305084745763,
    "spontaansus_kaalud": 0.5389912280701754,
    "spontaansus_kaalud_sujuv": 0.5010121457489879
}