{
    "formaalsus_ilma": 0.358974358974359,
    "formaalsus_kaalud": 0.3320072551390568,
    "formaalsus_kaalud_sujuv": 0.3409774436090226,
    "spontaansus_ilma": 0.3389830508474576,
    "spontaansus_kaalud": 0.43548245614035086,
    "spontaansus_kaalud_sujuv": 0.40101214574898786
}