{
    "formaalsus_ilma": 0.358974358974359,
    "formaalsus_kaalud": 0.3316324062877872,
    "formaalsus_kaalud_sujuv": 0.3392982456140351,
    "spontaansus_ilma": 0.3389830508474576,
    "spontaansus_kaalud": 0.3837280701754386,
    "spontaansus_kaalud_sujuv": 0.36955465587044534
}