{
    "formaalsus_ilma": 0.5384615384615384,
    "formaalsus_kaalud": 0.49409915356711004,
    "formaalsus_kaalud_sujuv": 0.5133834586466165,
    "spontaansus_ilma": 0.3220338983050847,
    "spontaansus_kaalud": 0.46807017543859647,
    "spontaansus_kaalud_sujuv": 0.4265182186234818
}