{
    "formaalsus_ilma": 0.3076923076923077,
    "formaalsus_kaalud": 0.2867110036275695,
    "formaalsus_kaalud_sujuv": 0.2915288220551378,
    "spontaansus_ilma": 0.6101694915254238,
    "spontaansus_kaalud": 0.9064473684210524,
    "spontaansus_kaalud_sujuv": 0.8194736842105264
}