{
    "formaalsus_ilma": 0.5384615384615384,
    "formaalsus_kaalud": 0.49409915356711004,
    "formaalsus_kaalud_sujuv": 0.5133834586466165,
    "spontaansus_ilma": 0.3389830508474576,
    "spontaansus_kaalud": 0.47116228070175437,
    "spontaansus_kaalud_sujuv": 0.42959514170040486
}