{
    "formaalsus_ilma": 0.5384615384615384,
    "formaalsus_kaalud": 0.5160943168077389,
    "formaalsus_kaalud_sujuv": 0.5334837092731829,
    "spontaansus_ilma": 0.3220338983050847,
    "spontaansus_kaalud": 0.39366228070175435,
    "spontaansus_kaalud_sujuv": 0.37587044534412956
}