{
    "formaalsus_ilma": 0.3333333333333333,
    "formaalsus_kaalud": 0.3945949214026602,
    "formaalsus_kaalud_sujuv": 0.3806766917293233,
    "spontaansus_ilma": 0.423728813559322,
    "spontaansus_kaalud": 0.5669956140350877,
    "spontaansus_kaalud_sujuv": 0.5194736842105263
}