{
    "formaalsus_ilma": 0.5256410256410257,
    "formaalsus_kaalud": 0.4864812575574365,
    "formaalsus_kaalud_sujuv": 0.5040601503759399,
    "spontaansus_ilma": 0.3389830508474576,
    "spontaansus_kaalud": 0.4878728070175439,
    "spontaansus_kaalud_sujuv": 0.44603238866396766
}