{
    "formaalsus_ilma": 0.358974358974359,
    "formaalsus_kaalud": 0.3320072551390568,
    "formaalsus_kaalud_sujuv": 0.3409774436090226,
    "spontaansus_ilma": 0.3050847457627119,
    "spontaansus_kaalud": 0.4257236842105263,
    "spontaansus_kaalud_sujuv": 0.3934008097165992
}