{
    "formaalsus_ilma": 0.5256410256410257,
    "formaalsus_kaalud": 0.4763482466747279,
    "formaalsus_kaalud_sujuv": 0.5066666666666667,
    "spontaansus_ilma": 0.1694915254237288,
    "spontaansus_kaalud": 0.24675438596491228,
    "spontaansus_kaalud_sujuv": 0.22534412955465585
}