{
    "formaalsus_ilma": 0.5256410256410257,
    "formaalsus_kaalud": 0.46993954050785974,
    "formaalsus_kaalud_sujuv": 0.4982706766917293,
    "spontaansus_ilma": 0.23728813559322035,
    "spontaansus_kaalud": 0.426578947368421,
    "spontaansus_kaalud_sujuv": 0.3639676113360324
}