{
    "formaalsus_ilma": 0.3333333333333333,
    "formaalsus_kaalud": 0.3410278113663845,
    "formaalsus_kaalud_sujuv": 0.3420300751879699,
    "spontaansus_ilma": 0.3389830508474576,
    "spontaansus_kaalud": 0.45192982456140346,
    "spontaansus_kaalud_sujuv": 0.4173684210526316
}