{
    "formaalsus_ilma": 0.3333333333333333,
    "formaalsus_kaalud": 0.3560217654171705,
    "formaalsus_kaalud_sujuv": 0.3565413533834586,
    "spontaansus_ilma": 0.3220338983050847,
    "spontaansus_kaalud": 0.3328728070175439,
    "spontaansus_kaalud_sujuv": 0.32955465587044536
}