{
    "formaalsus_ilma": 0.3333333333333333,
    "formaalsus_kaalud": 0.3410278113663845,
    "formaalsus_kaalud_sujuv": 0.3420300751879699,
    "spontaansus_ilma": 0.3220338983050847,
    "spontaansus_kaalud": 0.43021929824561406,
    "spontaansus_kaalud_sujuv": 0.4012145748987854
}