{
    "formaalsus_ilma": 0.5384615384615384,
    "formaalsus_kaalud": 0.5753446191051995,
    "formaalsus_kaalud_sujuv": 0.5742606516290727,
    "spontaansus_ilma": 0.23728813559322035,
    "spontaansus_kaalud": 0.23807017543859646,
    "spontaansus_kaalud_sujuv": 0.25157894736842107
}