{
    "formaalsus_ilma": 0.5384615384615384,
    "formaalsus_kaalud": 0.599794437726723,
    "formaalsus_kaalud_sujuv": 0.5939348370927318,
    "spontaansus_ilma": 0.3050847457627119,
    "spontaansus_kaalud": 0.39451754385964916,
    "spontaansus_kaalud_sujuv": 0.37311740890688255
}