{
    "formaalsus_ilma": 0.6282051282051282,
    "formaalsus_kaalud": 0.674062877871826,
    "formaalsus_kaalud_sujuv": 0.6718546365914787,
    "spontaansus_ilma": 0.2033898305084746,
    "spontaansus_kaalud": 0.22228070175438597,
    "spontaansus_kaalud_sujuv": 0.21991902834008098
}