{
    "formaalsus_ilma": 0.6282051282051282,
    "formaalsus_kaalud": 0.6673518742442563,
    "formaalsus_kaalud_sujuv": 0.6675438596491229,
    "spontaansus_ilma": 0.1694915254237288,
    "spontaansus_kaalud": 0.13578947368421054,
    "spontaansus_kaalud_sujuv": 0.15522267206477733
}