{
    "formaalsus_ilma": 0.7051282051282052,
    "formaalsus_kaalud": 0.7529987908101572,
    "formaalsus_kaalud_sujuv": 0.7578947368421052,
    "spontaansus_ilma": 0.2033898305084746,
    "spontaansus_kaalud": 0.21912280701754386,
    "spontaansus_kaalud_sujuv": 0.2148178137651822
}