{
    "formaalsus_ilma": 0.7051282051282052,
    "formaalsus_kaalud": 0.7310640870616687,
    "formaalsus_kaalud_sujuv": 0.7375689223057643,
    "spontaansus_ilma": 0.1864406779661017,
    "spontaansus_kaalud": 0.17728070175438598,
    "spontaansus_kaalud_sujuv": 0.18105263157894735
}