{
    "formaalsus_ilma": 0.7051282051282052,
    "formaalsus_kaalud": 0.7310640870616687,
    "formaalsus_kaalud_sujuv": 0.7375689223057643,
    "spontaansus_ilma": 0.1694915254237288,
    "spontaansus_kaalud": 0.16960526315789473,
    "spontaansus_kaalud_sujuv": 0.17603238866396761
}