{
    "formaalsus_ilma": 0.41025641025641024,
    "formaalsus_kaalud": 0.33413542926239426,
    "formaalsus_kaalud_sujuv": 0.35716791979949875,
    "spontaansus_ilma": 0.22033898305084745,
    "spontaansus_kaalud": 0.3719517543859649,
    "spontaansus_kaalud_sujuv": 0.3223481781376518
}