{
    "formaalsus_ilma": 0.41025641025641024,
    "formaalsus_kaalud": 0.33413542926239426,
    "formaalsus_kaalud_sujuv": 0.35716791979949875,
    "spontaansus_ilma": 0.2542372881355932,
    "spontaansus_kaalud": 0.36837719298245614,
    "spontaansus_kaalud_sujuv": 0.32206477732793526
}