{
    "formaalsus_ilma": 0.41025641025641024,
    "formaalsus_kaalud": 0.35073760580411123,
    "formaalsus_kaalud_sujuv": 0.37528822055137845,
    "spontaansus_ilma": 0.22033898305084745,
    "spontaansus_kaalud": 0.2704824561403509,
    "spontaansus_kaalud_sujuv": 0.25279352226720647
}