{
    "formaalsus_ilma": 0.5256410256410257,
    "formaalsus_kaalud": 0.5434945586457074,
    "formaalsus_kaalud_sujuv": 0.5544611528822055,
    "spontaansus_ilma": 0.3389830508474576,
    "spontaansus_kaalud": 0.4056578947368421,
    "spontaansus_kaalud_sujuv": 0.3837651821862348
}