{
    "formaalsus_ilma": 0.5256410256410257,
    "formaalsus_kaalud": 0.5180894800483676,
    "formaalsus_kaalud_sujuv": 0.5324812030075188,
    "spontaansus_ilma": 0.3220338983050847,
    "spontaansus_kaalud": 0.3610745614035088,
    "spontaansus_kaalud_sujuv": 0.33417004048583
}