{
    "formaalsus_ilma": 0.5256410256410257,
    "formaalsus_kaalud": 0.5180894800483676,
    "formaalsus_kaalud_sujuv": 0.5324812030075188,
    "spontaansus_ilma": 0.2542372881355932,
    "spontaansus_kaalud": 0.34879385964912285,
    "spontaansus_kaalud_sujuv": 0.32506072874493924
}