{
    "formaalsus_ilma": 0.6282051282051282,
    "formaalsus_kaalud": 0.5712575574365175,
    "formaalsus_kaalud_sujuv": 0.5927067669172933,
    "spontaansus_ilma": 0.2033898305084746,
    "spontaansus_kaalud": 0.2239035087719298,
    "spontaansus_kaalud_sujuv": 0.22728744939271256
}