{
    "formaalsus_ilma": 0.6282051282051282,
    "formaalsus_kaalud": 0.589540507859734,
    "formaalsus_kaalud_sujuv": 0.605062656641604,
    "spontaansus_ilma": 0.3389830508474576,
    "spontaansus_kaalud": 0.38,
    "spontaansus_kaalud_sujuv": 0.36275303643724693
}