{
    "formaalsus_ilma": 0.6282051282051282,
    "formaalsus_kaalud": 0.5712575574365175,
    "formaalsus_kaalud_sujuv": 0.5927067669172933,
    "spontaansus_ilma": 0.288135593220339,
    "spontaansus_kaalud": 0.2386842105263158,
    "spontaansus_kaalud_sujuv": 0.2373279352226721
}