{
    "formaalsus_ilma": 0.6153846153846154,
    "formaalsus_kaalud": 0.6540991535671101,
    "formaalsus_kaalud_sujuv": 0.6530576441102757,
    "spontaansus_ilma": 0.22033898305084745,
    "spontaansus_kaalud": 0.21416666666666667,
    "spontaansus_kaalud_sujuv": 0.22643724696356274
}