{
    "formaalsus_ilma": 0.6153846153846154,
    "formaalsus_kaalud": 0.680906892382104,
    "formaalsus_kaalud_sujuv": 0.6775939849624061,
    "spontaansus_ilma": 0.2711864406779661,
    "spontaansus_kaalud": 0.2937280701754386,
    "spontaansus_kaalud_sujuv": 0.28886639676113357
}