{
    "formaalsus_ilma": 0.6153846153846154,
    "formaalsus_kaalud": 0.6540991535671101,
    "formaalsus_kaalud_sujuv": 0.6530576441102757,
    "spontaansus_ilma": 0.23728813559322035,
    "spontaansus_kaalud": 0.22679824561403508,
    "spontaansus_kaalud_sujuv": 0.23421052631578948
}