{
    "formaalsus_ilma": 0.7564102564102564,
    "formaalsus_kaalud": 0.8596009673518742,
    "formaalsus_kaalud_sujuv": 0.8476441102756893,
    "spontaansus_ilma": 0.03389830508474576,
    "spontaansus_kaalud": 0.0,
    "spontaansus_kaalud_sujuv": 0.0
}