{
    "formaalsus_ilma": 0.7564102564102564,
    "formaalsus_kaalud": 0.875247883917775,
    "formaalsus_kaalud_sujuv": 0.858421052631579,
    "spontaansus_ilma": 0.11864406779661017,
    "spontaansus_kaalud": 0.09517543859649122,
    "spontaansus_kaalud_sujuv": 0.10218623481781376
}