{
    "formaalsus_ilma": 0.3076923076923077,
    "formaalsus_kaalud": 0.28885126964933494,
    "formaalsus_kaalud_sujuv": 0.293734335839599,
    "spontaansus_ilma": 0.4406779661016949,
    "spontaansus_kaalud": 0.5435087719298246,
    "spontaansus_kaalud_sujuv": 0.5049797570850203
}