{
    "formaalsus_ilma": 0.8076923076923077,
    "formaalsus_kaalud": 0.8844619105199517,
    "formaalsus_kaalud_sujuv": 0.8769674185463658,
    "spontaansus_ilma": 0.0847457627118644,
    "spontaansus_kaalud": 0.0,
    "spontaansus_kaalud_sujuv": 0.0
}