{
    "formaalsus_ilma": 0.8589743589743589,
    "formaalsus_kaalud": 0.9643651753325272,
    "formaalsus_kaalud_sujuv": 0.9548621553884712,
    "spontaansus_ilma": 0.03389830508474576,
    "spontaansus_kaalud": 0.02890350877192984,
    "spontaansus_kaalud_sujuv": 0.030080971659919027
}