{
    "formaalsus_ilma": 0.3076923076923077,
    "formaalsus_kaalud": 0.28885126964933494,
    "formaalsus_kaalud_sujuv": 0.293734335839599,
    "spontaansus_ilma": 0.3898305084745763,
    "spontaansus_kaalud": 0.5240570175438597,
    "spontaansus_kaalud_sujuv": 0.4904453441295547
}