{
    "formaalsus_ilma": 0.2948717948717949,
    "formaalsus_kaalud": 0.28123337363966144,
    "formaalsus_kaalud_sujuv": 0.28441102756892234,
    "spontaansus_ilma": 0.4067796610169492,
    "spontaansus_kaalud": 0.543859649122807,
    "spontaansus_kaalud_sujuv": 0.5099595141700405
}