{
    "formaalsus_ilma": 0.8076923076923077,
    "formaalsus_kaalud": 0.9130834340991536,
    "formaalsus_kaalud_sujuv": 0.9007268170426065,
    "spontaansus_ilma": 0.1864406779661017,
    "spontaansus_kaalud": 0.15585526315789472,
    "spontaansus_kaalud_sujuv": 0.1666396761133603
}