{
    "formaalsus_ilma": 0.3076923076923077,
    "formaalsus_kaalud": 0.31122128174123337,
    "formaalsus_kaalud_sujuv": 0.31390977443609025,
    "spontaansus_ilma": 0.4406779661016949,
    "spontaansus_kaalud": 0.46247807017543857,
    "spontaansus_kaalud_sujuv": 0.45514170040485835
}