{
    "formaalsus_ilma": 0.8589743589743589,
    "formaalsus_kaalud": 0.9436517533252721,
    "formaalsus_kaalud_sujuv": 0.9407017543859648,
    "spontaansus_ilma": 0.0,
    "spontaansus_kaalud": 0.0,
    "spontaansus_kaalud_sujuv": 0.0
}