{
    "formaalsus_ilma": 0.2692307692307692,
    "formaalsus_kaalud": 0.32376058041112454,
    "formaalsus_kaalud_sujuv": 0.31779448621553885,
    "spontaansus_ilma": 0.5423728813559322,
    "spontaansus_kaalud": 0.6301096491228071,
    "spontaansus_kaalud_sujuv": 0.6107692307692308
}