{
    "formaalsus_ilma": 0.2692307692307692,
    "formaalsus_kaalud": 0.29869407496977024,
    "formaalsus_kaalud_sujuv": 0.2942355889724311,
    "spontaansus_ilma": 0.5423728813559322,
    "spontaansus_kaalud": 0.7616447368421051,
    "spontaansus_kaalud_sujuv": 0.7065182186234817
}