{
    "formaalsus_ilma": 0.6666666666666666,
    "formaalsus_kaalud": 0.7901330108827086,
    "formaalsus_kaalud_sujuv": 0.768796992481203,
    "spontaansus_ilma": 0.13559322033898305,
    "spontaansus_kaalud": 0.0,
    "spontaansus_kaalud_sujuv": 0.043279352226720635
}