{
    "formaalsus_ilma": 0.358974358974359,
    "formaalsus_kaalud": 0.32626360338573157,
    "formaalsus_kaalud_sujuv": 0.3400250626566416,
    "spontaansus_ilma": 0.2542372881355932,
    "spontaansus_kaalud": 0.3703947368421052,
    "spontaansus_kaalud_sujuv": 0.33704453441295545
}