{
    "formaalsus_ilma": 0.2948717948717949,
    "formaalsus_kaalud": 0.2704957678355502,
    "formaalsus_kaalud_sujuv": 0.2819548872180451,
    "spontaansus_ilma": 0.5084745762711864,
    "spontaansus_kaalud": 0.7919517543859649,
    "spontaansus_kaalud_sujuv": 0.7032388663967613
}