{
    "formaalsus_ilma": 0.41025641025641024,
    "formaalsus_kaalud": 0.36673518742442557,
    "formaalsus_kaalud_sujuv": 0.37641604010025065,
    "spontaansus_ilma": 0.423728813559322,
    "spontaansus_kaalud": 0.557609649122807,
    "spontaansus_kaalud_sujuv": 0.5131983805668016
}