{
    "formaalsus_ilma": 0.32051282051282054,
    "formaalsus_kaalud": 0.25973397823458283,
    "formaalsus_kaalud_sujuv": 0.2764160401002506,
    "spontaansus_ilma": 0.6101694915254238,
    "spontaansus_kaalud": 0.665,
    "spontaansus_kaalud_sujuv": 0.649919028340081
}