{
    "formaalsus_ilma": 0.5384615384615384,
    "formaalsus_kaalud": 0.45177750906892383,
    "formaalsus_kaalud_sujuv": 0.48213032581453635,
    "spontaansus_ilma": 0.23728813559322035,
    "spontaansus_kaalud": 0.3750219298245614,
    "spontaansus_kaalud_sujuv": 0.3324291497975708
}