{
    "formaalsus_ilma": 0.8076923076923077,
    "formaalsus_kaalud": 0.8162636033857315,
    "formaalsus_kaalud_sujuv": 0.818345864661654,
    "spontaansus_ilma": 0.0,
    "spontaansus_kaalud": 0.0,
    "spontaansus_kaalud_sujuv": 0.0
}