{
    "formaalsus_ilma": 0.3974358974358974,
    "formaalsus_kaalud": 0.34812575574365173,
    "formaalsus_kaalud_sujuv": 0.37107769423558895,
    "spontaansus_ilma": 0.2711864406779661,
    "spontaansus_kaalud": 0.48798245614035085,
    "spontaansus_kaalud_sujuv": 0.4162348178137652
}