{
    "formaalsus_ilma": 0.6538461538461539,
    "formaalsus_kaalud": 0.7944256348246674,
    "formaalsus_kaalud_sujuv": 0.7786466165413534,
    "spontaansus_ilma": 0.2542372881355932,
    "spontaansus_kaalud": 0.23265350877192983,
    "spontaansus_kaalud_sujuv": 0.23692307692307693
}