{
    "formaalsus_ilma": 0.07692307692307693,
    "formaalsus_kaalud": 0.05866989117291412,
    "formaalsus_kaalud_sujuv": 0.05664160401002512,
    "spontaansus_ilma": 1.0,
    "spontaansus_kaalud": 1.0,
    "spontaansus_kaalud_sujuv": 1.0
}