{
    "formaalsus_ilma": 0.24358974358974358,
    "formaalsus_kaalud": 0.22118500604594923,
    "formaalsus_kaalud_sujuv": 0.22461152882205515,
    "spontaansus_ilma": 0.6440677966101694,
    "spontaansus_kaalud": 0.9523245614035087,
    "spontaansus_kaalud_sujuv": 0.8674493927125507
}