{
    "formaalsus_ilma": 0.24358974358974358,
    "formaalsus_kaalud": 0.2339903264812575,
    "formaalsus_kaalud_sujuv": 0.23844611528822052,
    "spontaansus_ilma": 0.6779661016949152,
    "spontaansus_kaalud": 0.7507236842105263,
    "spontaansus_kaalud_sujuv": 0.7355060728744939
}