{
    "formaalsus_ilma": 0.41025641025641024,
    "formaalsus_kaalud": 0.36673518742442557,
    "formaalsus_kaalud_sujuv": 0.37641604010025065,
    "spontaansus_ilma": 0.3898305084745763,
    "spontaansus_kaalud": 0.5614912280701754,
    "spontaansus_kaalud_sujuv": 0.5145344129554656
}