{
    "formaalsus_ilma": 0.9358974358974359,
    "formaalsus_kaalud": 0.989105199516324,
    "formaalsus_kaalud_sujuv": 0.9895238095238095,
    "spontaansus_ilma": 0.11864406779661017,
    "spontaansus_kaalud": 0.09517543859649122,
    "spontaansus_kaalud_sujuv": 0.10218623481781376
}