{
    "formaalsus_ilma": 0.7692307692307693,
    "formaalsus_kaalud": 0.7375695284159614,
    "formaalsus_kaalud_sujuv": 0.7499248120300752,
    "spontaansus_ilma": 0.22033898305084745,
    "spontaansus_kaalud": 0.0984210526315789,
    "spontaansus_kaalud_sujuv": 0.1514574898785425
}