{
    "formaalsus_ilma": 0.7435897435897436,
    "formaalsus_kaalud": 0.7885610640870616,
    "formaalsus_kaalud_sujuv": 0.7931077694235589,
    "spontaansus_ilma": 0.05084745762711865,
    "spontaansus_kaalud": 0.0,
    "spontaansus_kaalud_sujuv": 0.0
}