{
    "formaalsus_ilma": 0.7435897435897436,
    "formaalsus_kaalud": 0.7808948004836759,
    "formaalsus_kaalud_sujuv": 0.7676441102756891,
    "spontaansus_ilma": 0.15254237288135594,
    "spontaansus_kaalud": 0.1363157894736842,
    "spontaansus_kaalud_sujuv": 0.1401214574898785
}