{
    "formaalsus_ilma": 0.3076923076923077,
    "formaalsus_kaalud": 0.3344014510278113,
    "formaalsus_kaalud_sujuv": 0.33020050125313277,
    "spontaansus_ilma": 0.4745762711864407,
    "spontaansus_kaalud": 0.4374122807017544,
    "spontaansus_kaalud_sujuv": 0.44651821862348173
}