{
    "formaalsus_ilma": 0.19230769230769232,
    "formaalsus_kaalud": 0.17755743651753328,
    "formaalsus_kaalud_sujuv": 0.17619047619047623,
    "spontaansus_ilma": 0.7457627118644068,
    "spontaansus_kaalud": 0.9404605263157894,
    "spontaansus_kaalud_sujuv": 0.8891093117408906
}