{
    "formaalsus_ilma": 0.08974358974358974,
    "formaalsus_kaalud": 0.11284159613059257,
    "formaalsus_kaalud_sujuv": 0.10616541353383462,
    "spontaansus_ilma": 0.8135593220338984,
    "spontaansus_kaalud": 0.7400877192982457,
    "spontaansus_kaalud_sujuv": 0.7547773279352227
}