{
    "formaalsus_ilma": 0.9102564102564102,
    "formaalsus_kaalud": 0.8583071342200724,
    "formaalsus_kaalud_sujuv": 0.8823308270676691,
    "spontaansus_ilma": 0.06779661016949153,
    "spontaansus_kaalud": 0.0,
    "spontaansus_kaalud_sujuv": 0.0
}