{
    "formaalsus_ilma": 0.46153846153846156,
    "formaalsus_kaalud": 0.46858524788391775,
    "formaalsus_kaalud_sujuv": 0.47042606516290725,
    "spontaansus_ilma": 0.2711864406779661,
    "spontaansus_kaalud": 0.3123464912280702,
    "spontaansus_kaalud_sujuv": 0.29753036437246966
}