{
    "formaalsus_ilma": 0.6666666666666666,
    "formaalsus_kaalud": 0.7901330108827086,
    "formaalsus_kaalud_sujuv": 0.768796992481203,
    "spontaansus_ilma": 0.15254237288135594,
    "spontaansus_kaalud": 0.013859649122807002,
    "spontaansus_kaalud_sujuv": 0.06554655870445343
}