{
    "formaalsus_ilma": 0.6282051282051282,
    "formaalsus_kaalud": 0.7684401451027811,
    "formaalsus_kaalud_sujuv": 0.7455639097744361,
    "spontaansus_ilma": 0.1864406779661017,
    "spontaansus_kaalud": 0.15846491228070175,
    "spontaansus_kaalud_sujuv": 0.1645344129554656
}