{
    "formaalsus_ilma": 0.44871794871794873,
    "formaalsus_kaalud": 0.45607013301088273,
    "formaalsus_kaalud_sujuv": 0.4587218045112782,
    "spontaansus_ilma": 0.4915254237288136,
    "spontaansus_kaalud": 0.48028508771929823,
    "spontaansus_kaalud_sujuv": 0.4795546558704454
}