{
    "formaalsus_ilma": 0.3974358974358974,
    "formaalsus_kaalud": 0.3395767835550182,
    "formaalsus_kaalud_sujuv": 0.36395989974937343,
    "spontaansus_ilma": 0.23728813559322035,
    "spontaansus_kaalud": 0.323969298245614,
    "spontaansus_kaalud_sujuv": 0.29728744939271257
}