{
    "formaalsus_ilma": 0.9230769230769231,
    "formaalsus_kaalud": 0.9568681983071341,
    "formaalsus_kaalud_sujuv": 0.9623308270676693,
    "spontaansus_ilma": 0.11864406779661017,
    "spontaansus_kaalud": 0.07839912280701754,
    "spontaansus_kaalud_sujuv": 0.0823481781376518
}