{
    "formaalsus_ilma": 0.8717948717948718,
    "formaalsus_kaalud": 0.9542926239419589,
    "formaalsus_kaalud_sujuv": 0.9525563909774436,
    "spontaansus_ilma": 0.0,
    "spontaansus_kaalud": 0.0,
    "spontaansus_kaalud_sujuv": 0.0
}