{
    "formaalsus_ilma": 0.19230769230769232,
    "formaalsus_kaalud": 0.18555018137847648,
    "formaalsus_kaalud_sujuv": 0.1849122807017544,
    "spontaansus_ilma": 0.7796610169491526,
    "spontaansus_kaalud": 0.7632894736842104,
    "spontaansus_kaalud_sujuv": 0.7660323886639676
}