{
    "formaalsus_ilma": 0.6282051282051282,
    "formaalsus_kaalud": 0.6096735187424426,
    "formaalsus_kaalud_sujuv": 0.6211779448621554,
    "spontaansus_ilma": 0.3389830508474576,
    "spontaansus_kaalud": 0.41035087719298247,
    "spontaansus_kaalud_sujuv": 0.39995951417004044
}