{
    "formaalsus_ilma": 0.1794871794871795,
    "formaalsus_kaalud": 0.16636033857315596,
    "formaalsus_kaalud_sujuv": 0.16496240601503764,
    "spontaansus_ilma": 0.9491525423728814,
    "spontaansus_kaalud": 1.0,
    "spontaansus_kaalud_sujuv": 1.0
}