{
    "formaalsus_ilma": 0.5128205128205128,
    "formaalsus_kaalud": 0.5341717049576783,
    "formaalsus_kaalud_sujuv": 0.5416040100250626,
    "spontaansus_ilma": 0.2542372881355932,
    "spontaansus_kaalud": 0.23462719298245616,
    "spontaansus_kaalud_sujuv": 0.23562753036437248
}