{
    "formaalsus_ilma": 0.5512820512820513,
    "formaalsus_kaalud": 0.6106650544135429,
    "formaalsus_kaalud_sujuv": 0.606015037593985,
    "spontaansus_ilma": 0.3389830508474576,
    "spontaansus_kaalud": 0.3330043859649123,
    "spontaansus_kaalud_sujuv": 0.3408906882591093
}