{
    "formaalsus_ilma": 0.8333333333333334,
    "formaalsus_kaalud": 0.8998911729141476,
    "formaalsus_kaalud_sujuv": 0.9004761904761904,
    "spontaansus_ilma": 0.2033898305084746,
    "spontaansus_kaalud": 0.20456140350877194,
    "spontaansus_kaalud_sujuv": 0.2017408906882591
}