{
    "formaalsus_ilma": 0.2564102564102564,
    "formaalsus_kaalud": 0.20134220072551395,
    "formaalsus_kaalud_sujuv": 0.20644110275689218,
    "spontaansus_ilma": 0.9322033898305084,
    "spontaansus_kaalud": 1.0,
    "spontaansus_kaalud_sujuv": 1.0
}