{
    "formaalsus_ilma": 0.15384615384615385,
    "formaalsus_kaalud": 0.18850060459492138,
    "formaalsus_kaalud_sujuv": 0.17566416040100252,
    "spontaansus_ilma": 0.6610169491525424,
    "spontaansus_kaalud": 0.9059429824561404,
    "spontaansus_kaalud_sujuv": 0.841417004048583
}