{
    "formaalsus_ilma": 0.2564102564102564,
    "formaalsus_kaalud": 0.19857315598548975,
    "formaalsus_kaalud_sujuv": 0.1970175438596491,
    "spontaansus_ilma": 0.9152542372881356,
    "spontaansus_kaalud": 0.9162280701754385,
    "spontaansus_kaalud_sujuv": 0.9145344129554657
}