{
    "formaalsus_ilma": 0.44871794871794873,
    "formaalsus_kaalud": 0.4384280532043531,
    "formaalsus_kaalud_sujuv": 0.4461654135338346,
    "spontaansus_ilma": 0.3728813559322034,
    "spontaansus_kaalud": 0.4119298245614035,
    "spontaansus_kaalud_sujuv": 0.4110526315789474
}