{
    "formaalsus_ilma": 0.48717948717948717,
    "formaalsus_kaalud": 0.6285610640870616,
    "formaalsus_kaalud_sujuv": 0.6013784461152882,
    "spontaansus_ilma": 0.3898305084745763,
    "spontaansus_kaalud": 0.3493421052631579,
    "spontaansus_kaalud_sujuv": 0.3581781376518219
}