{
    "formaalsus_ilma": 0.8333333333333334,
    "formaalsus_kaalud": 0.875453446191052,
    "formaalsus_kaalud_sujuv": 0.8838095238095238,
    "spontaansus_ilma": 0.06779661016949153,
    "spontaansus_kaalud": 0.0,
    "spontaansus_kaalud_sujuv": 0.0
}