{
    "formaalsus_ilma": 0.23076923076923078,
    "formaalsus_kaalud": 0.1558162031438936,
    "formaalsus_kaalud_sujuv": 0.15606516290726818,
    "spontaansus_ilma": 0.7627118644067796,
    "spontaansus_kaalud": 0.8778728070175439,
    "spontaansus_kaalud_sujuv": 0.8531983805668016
}