{
    "formaalsus_ilma": 0.358974358974359,
    "formaalsus_kaalud": 0.3485489721886336,
    "formaalsus_kaalud_sujuv": 0.3608020050125313,
    "spontaansus_ilma": 0.3220338983050847,
    "spontaansus_kaalud": 0.34657894736842104,
    "spontaansus_kaalud_sujuv": 0.3323886639676113
}