{
    "formaalsus_ilma": 0.7948717948717948,
    "formaalsus_kaalud": 0.9132527206771462,
    "formaalsus_kaalud_sujuv": 0.8973684210526316,
    "spontaansus_ilma": 0.3220338983050847,
    "spontaansus_kaalud": 0.25651315789473683,
    "spontaansus_kaalud_sujuv": 0.2736437246963563
}