{
    "formaalsus_ilma": 0.1794871794871795,
    "formaalsus_kaalud": 0.16993954050785975,
    "formaalsus_kaalud_sujuv": 0.16686716791979953,
    "spontaansus_ilma": 0.7627118644067796,
    "spontaansus_kaalud": 0.9602631578947368,
    "spontaansus_kaalud_sujuv": 0.9086234817813764
}