{
    "formaalsus_ilma": 0.11538461538461539,
    "formaalsus_kaalud": 0.11007255139056836,
    "formaalsus_kaalud_sujuv": 0.10426065162907266,
    "spontaansus_ilma": 0.864406779661017,
    "spontaansus_kaalud": 1.0,
    "spontaansus_kaalud_sujuv": 1.0
}