{
    "formaalsus_ilma": 0.32051282051282054,
    "formaalsus_kaalud": 0.24519951632406284,
    "formaalsus_kaalud_sujuv": 0.2642355889724311,
    "spontaansus_ilma": 0.6440677966101694,
    "spontaansus_kaalud": 0.8357894736842105,
    "spontaansus_kaalud_sujuv": 0.7609311740890689
}