{
    "formaalsus_ilma": 0.21794871794871795,
    "formaalsus_kaalud": 0.18247883917775093,
    "formaalsus_kaalud_sujuv": 0.18984962406015043,
    "spontaansus_ilma": 0.5423728813559322,
    "spontaansus_kaalud": 0.8053947368421053,
    "spontaansus_kaalud_sujuv": 0.7310526315789475
}