{
    "formaalsus_ilma": 0.46153846153846156,
    "formaalsus_kaalud": 0.4617049576783555,
    "formaalsus_kaalud_sujuv": 0.4659649122807018,
    "spontaansus_ilma": 0.1864406779661017,
    "spontaansus_kaalud": 0.21416666666666667,
    "spontaansus_kaalud_sujuv": 0.21242914979757085
}