{
    "formaalsus_ilma": 0.7307692307692307,
    "formaalsus_kaalud": 0.8266868198307135,
    "formaalsus_kaalud_sujuv": 0.8145614035087719,
    "spontaansus_ilma": 0.15254237288135594,
    "spontaansus_kaalud": 0.10326754385964913,
    "spontaansus_kaalud_sujuv": 0.11437246963562753
}