{
    "formaalsus_ilma": 0.6923076923076923,
    "formaalsus_kaalud": 0.6943772672309553,
    "formaalsus_kaalud_sujuv": 0.7085213032581453,
    "spontaansus_ilma": 0.3389830508474576,
    "spontaansus_kaalud": 0.2712061403508772,
    "spontaansus_kaalud_sujuv": 0.27396761133603237
}