{
    "formaalsus_ilma": 0.8589743589743589,
    "formaalsus_kaalud": 0.9430834340991536,
    "formaalsus_kaalud_sujuv": 0.9397744360902256,
    "spontaansus_ilma": 0.11864406779661017,
    "spontaansus_kaalud": 0.13344298245614036,
    "spontaansus_kaalud_sujuv": 0.13052631578947366
}