{
    "formaalsus_ilma": 0.5641025641025641,
    "formaalsus_kaalud": 0.6326118500604594,
    "formaalsus_kaalud_sujuv": 0.6190977443609023,
    "spontaansus_ilma": 0.3898305084745763,
    "spontaansus_kaalud": 0.34304824561403513,
    "spontaansus_kaalud_sujuv": 0.37712550607287454
}