{
    "formaalsus_ilma": 0.358974358974359,
    "formaalsus_kaalud": 0.32626360338573157,
    "formaalsus_kaalud_sujuv": 0.3400250626566416,
    "spontaansus_ilma": 0.3220338983050847,
    "spontaansus_kaalud": 0.38535087719298244,
    "spontaansus_kaalud_sujuv": 0.3490688259109312
}