{
    "formaalsus_ilma": 0.21794871794871795,
    "formaalsus_kaalud": 0.16700120918984282,
    "formaalsus_kaalud_sujuv": 0.16290726817042606,
    "spontaansus_ilma": 0.864406779661017,
    "spontaansus_kaalud": 0.8787499999999999,
    "spontaansus_kaalud_sujuv": 0.8726315789473685
}