{
    "formaalsus_ilma": 0.7307692307692307,
    "formaalsus_kaalud": 0.8123458282950422,
    "formaalsus_kaalud_sujuv": 0.805062656641604,
    "spontaansus_ilma": 0.0847457627118644,
    "spontaansus_kaalud": 0.0,
    "spontaansus_kaalud_sujuv": 0.0
}