{
    "formaalsus_ilma": 0.46153846153846156,
    "formaalsus_kaalud": 0.5869770253929867,
    "formaalsus_kaalud_sujuv": 0.5619799498746867,
    "spontaansus_ilma": 0.2711864406779661,
    "spontaansus_kaalud": 0.18116228070175436,
    "spontaansus_kaalud_sujuv": 0.2282995951417004
}