{
    "formaalsus_ilma": 0.14102564102564102,
    "formaalsus_kaalud": 0.1276662636033857,
    "formaalsus_kaalud_sujuv": 0.12746867167919804,
    "spontaansus_ilma": 0.7457627118644068,
    "spontaansus_kaalud": 1.0,
    "spontaansus_kaalud_sujuv": 0.9827530364372469
}