{
    "formaalsus_ilma": 0.7435897435897436,
    "formaalsus_kaalud": 0.7666505441354292,
    "formaalsus_kaalud_sujuv": 0.7668671679197996,
    "spontaansus_ilma": 0.03389830508474576,
    "spontaansus_kaalud": 0.0,
    "spontaansus_kaalud_sujuv": 0.0
}