{
    "formaalsus_ilma": 0.6282051282051282,
    "formaalsus_kaalud": 0.6616203143893591,
    "formaalsus_kaalud_sujuv": 0.6608521303258146,
    "spontaansus_ilma": 0.05084745762711865,
    "spontaansus_kaalud": 0.047039473684210534,
    "spontaansus_kaalud_sujuv": 0.04619433198380565
}