{
    "formaalsus_ilma": 0.8846153846153846,
    "formaalsus_kaalud": 0.9649334945586457,
    "formaalsus_kaalud_sujuv": 0.9644110275689222,
    "spontaansus_ilma": 0.0,
    "spontaansus_kaalud": 0.0,
    "spontaansus_kaalud_sujuv": 0.0
}