{
    "formaalsus_ilma": 0.08974358974358974,
    "formaalsus_kaalud": 0.10065296251511488,
    "formaalsus_kaalud_sujuv": 0.09243107769423566,
    "spontaansus_ilma": 0.847457627118644,
    "spontaansus_kaalud": 0.9803070175438596,
    "spontaansus_kaalud_sujuv": 0.9238866396761134
}