{
    "formaalsus_ilma": 0.5641025641025641,
    "formaalsus_kaalud": 0.6326118500604594,
    "formaalsus_kaalud_sujuv": 0.6190977443609023,
    "spontaansus_ilma": 0.423728813559322,
    "spontaansus_kaalud": 0.3575877192982456,
    "spontaansus_kaalud_sujuv": 0.3858299595141701
}