{
    "formaalsus_ilma": 0.41025641025641024,
    "formaalsus_kaalud": 0.34788391777509076,
    "formaalsus_kaalud_sujuv": 0.35220551378446113,
    "spontaansus_ilma": 0.4067796610169492,
    "spontaansus_kaalud": 0.46660087719298243,
    "spontaansus_kaalud_sujuv": 0.4521052631578948
}