{
    "formaalsus_ilma": 0.44871794871794873,
    "formaalsus_kaalud": 0.4384280532043531,
    "formaalsus_kaalud_sujuv": 0.4461654135338346,
    "spontaansus_ilma": 0.4576271186440678,
    "spontaansus_kaalud": 0.446578947368421,
    "spontaansus_kaalud_sujuv": 0.43587044534412955
}