{
    "formaalsus_ilma": 0.7948717948717948,
    "formaalsus_kaalud": 0.8942200725513906,
    "formaalsus_kaalud_sujuv": 0.8845864661654135,
    "spontaansus_ilma": 0.1864406779661017,
    "spontaansus_kaalud": 0.0029824561403508447,
    "spontaansus_kaalud_sujuv": 0.07663967611336032
}