{
    "formaalsus_ilma": 0.8076923076923077,
    "formaalsus_kaalud": 0.8256348246674727,
    "formaalsus_kaalud_sujuv": 0.8152130325814536,
    "spontaansus_ilma": 0.05084745762711865,
    "spontaansus_kaalud": 0.019276315789473697,
    "spontaansus_kaalud_sujuv": 0.02526315789473682
}