{
    "formaalsus_ilma": 0.23076923076923078,
    "formaalsus_kaalud": 0.17333736396614272,
    "formaalsus_kaalud_sujuv": 0.17847117794486217,
    "spontaansus_ilma": 0.864406779661017,
    "spontaansus_kaalud": 1.0,
    "spontaansus_kaalud_sujuv": 0.9717813765182186
}