{
    "formaalsus_ilma": 0.9358974358974359,
    "formaalsus_kaalud": 0.9690447400241837,
    "formaalsus_kaalud_sujuv": 0.9762406015037594,
    "spontaansus_ilma": 0.01694915254237288,
    "spontaansus_kaalud": 0.0,
    "spontaansus_kaalud_sujuv": 0.0
}