{
    "formaalsus_ilma": 0.48717948717948717,
    "formaalsus_kaalud": 0.6022128174123337,
    "formaalsus_kaalud_sujuv": 0.58062656641604,
    "spontaansus_ilma": 0.3050847457627119,
    "spontaansus_kaalud": 0.18236842105263157,
    "spontaansus_kaalud_sujuv": 0.2153846153846154
}