{
    "formaalsus_ilma": 0.8846153846153846,
    "formaalsus_kaalud": 0.9862756952841597,
    "formaalsus_kaalud_sujuv": 0.9790726817042607,
    "spontaansus_ilma": 0.0,
    "spontaansus_kaalud": 0.0,
    "spontaansus_kaalud_sujuv": 0.0
}