{
    "formaalsus_ilma": 0.1794871794871795,
    "formaalsus_kaalud": 0.1960096735187424,
    "formaalsus_kaalud_sujuv": 0.1891979949874687,
    "spontaansus_ilma": 0.6610169491525424,
    "spontaansus_kaalud": 0.682828947368421,
    "spontaansus_kaalud_sujuv": 0.6820647773279354
}