{
    "formaalsus_ilma": 0.46153846153846156,
    "formaalsus_kaalud": 0.4617049576783555,
    "formaalsus_kaalud_sujuv": 0.4659649122807018,
    "spontaansus_ilma": 0.23728813559322035,
    "spontaansus_kaalud": 0.2256359649122807,
    "spontaansus_kaalud_sujuv": 0.22008097165991902
}