{
    "formaalsus_ilma": 0.21794871794871795,
    "formaalsus_kaalud": 0.1336759371221282,
    "formaalsus_kaalud_sujuv": 0.14701754385964919,
    "spontaansus_ilma": 0.8813559322033898,
    "spontaansus_kaalud": 1.0,
    "spontaansus_kaalud_sujuv": 1.0
}