{
    "formaalsus_ilma": 0.7435897435897436,
    "formaalsus_kaalud": 0.809093107617896,
    "formaalsus_kaalud_sujuv": 0.8074436090225564,
    "spontaansus_ilma": 0.11864406779661017,
    "spontaansus_kaalud": 0.14910087719298248,
    "spontaansus_kaalud_sujuv": 0.1391093117408907
}