{
    "formaalsus_ilma": 0.5512820512820513,
    "formaalsus_kaalud": 0.557726723095526,
    "formaalsus_kaalud_sujuv": 0.5699498746867168,
    "spontaansus_ilma": 0.3389830508474576,
    "spontaansus_kaalud": 0.45978070175438596,
    "spontaansus_kaalud_sujuv": 0.42805668016194326
}