{
    "formaalsus_ilma": 0.1794871794871795,
    "formaalsus_kaalud": 0.17198307134220076,
    "formaalsus_kaalud_sujuv": 0.17157894736842108,
    "spontaansus_ilma": 0.9152542372881356,
    "spontaansus_kaalud": 0.925,
    "spontaansus_kaalud_sujuv": 0.921578947368421
}