{
    "formaalsus_ilma": 0.23076923076923078,
    "formaalsus_kaalud": 0.17070133010882718,
    "formaalsus_kaalud_sujuv": 0.17072681704260653,
    "spontaansus_ilma": 0.8305084745762712,
    "spontaansus_kaalud": 0.8016447368421052,
    "spontaansus_kaalud_sujuv": 0.8076113360323888
}