{
    "formaalsus_ilma": 0.6666666666666666,
    "formaalsus_kaalud": 0.7779201934703749,
    "formaalsus_kaalud_sujuv": 0.7617042606516291,
    "spontaansus_ilma": 0.11864406779661017,
    "spontaansus_kaalud": 0.0,
    "spontaansus_kaalud_sujuv": 0.008744939271255046
}