{
    "formaalsus_ilma": 0.1794871794871795,
    "formaalsus_kaalud": 0.20373639661426837,
    "formaalsus_kaalud_sujuv": 0.1943107769423559,
    "spontaansus_ilma": 0.6949152542372882,
    "spontaansus_kaalud": 0.8556578947368422,
    "spontaansus_kaalud_sujuv": 0.7981376518218624
}