{
    "formaalsus_ilma": 0.5384615384615384,
    "formaalsus_kaalud": 0.4724062877871826,
    "formaalsus_kaalud_sujuv": 0.5005764411027569,
    "spontaansus_ilma": 0.288135593220339,
    "spontaansus_kaalud": 0.32346491228070173,
    "spontaansus_kaalud_sujuv": 0.3078947368421053
}