{
    "formaalsus_ilma": 0.6282051282051282,
    "formaalsus_kaalud": 0.6233494558645707,
    "formaalsus_kaalud_sujuv": 0.6355889724310777,
    "spontaansus_ilma": 0.03389830508474576,
    "spontaansus_kaalud": 0.0,
    "spontaansus_kaalud_sujuv": 0.0
}