{
    "formaalsus_ilma": 0.5641025641025641,
    "formaalsus_kaalud": 0.6611850060459492,
    "formaalsus_kaalud_sujuv": 0.6433333333333333,
    "spontaansus_ilma": 0.4915254237288136,
    "spontaansus_kaalud": 0.49578947368421056,
    "spontaansus_kaalud_sujuv": 0.5006072874493928
}