{
    "formaalsus_ilma": 0.07692307692307693,
    "formaalsus_kaalud": 0.04940749697702548,
    "formaalsus_kaalud_sujuv": 0.05468671679197993,
    "spontaansus_ilma": 0.9830508474576272,
    "spontaansus_kaalud": 0.9929824561403507,
    "spontaansus_kaalud_sujuv": 0.9902024291497975
}