{
    "formaalsus_ilma": 0.19230769230769232,
    "formaalsus_kaalud": 0.17755743651753328,
    "formaalsus_kaalud_sujuv": 0.17619047619047623,
    "spontaansus_ilma": 0.7966101694915254,
    "spontaansus_kaalud": 0.9428070175438596,
    "spontaansus_kaalud_sujuv": 0.8941295546558705
}