{
    "formaalsus_ilma": 0.6538461538461539,
    "formaalsus_kaalud": 0.7641717049576784,
    "formaalsus_kaalud_sujuv": 0.7511528822055139,
    "spontaansus_ilma": 0.2033898305084746,
    "spontaansus_kaalud": 0.07260964912280701,
    "spontaansus_kaalud_sujuv": 0.10238866396761133
}