{
    "formaalsus_ilma": 0.5512820512820513,
    "formaalsus_kaalud": 0.5274727932285369,
    "formaalsus_kaalud_sujuv": 0.542280701754386,
    "spontaansus_ilma": 0.3220338983050847,
    "spontaansus_kaalud": 0.42870614035087723,
    "spontaansus_kaalud_sujuv": 0.39781376518218625
}