{
    "formaalsus_ilma": 0.6666666666666666,
    "formaalsus_kaalud": 0.8044860943168076,
    "formaalsus_kaalud_sujuv": 0.7784461152882206,
    "spontaansus_ilma": 0.23728813559322035,
    "spontaansus_kaalud": 0.20105263157894737,
    "spontaansus_kaalud_sujuv": 0.21101214574898788
}