{
    "formaalsus_ilma": 0.24358974358974358,
    "formaalsus_kaalud": 0.22118500604594923,
    "formaalsus_kaalud_sujuv": 0.22461152882205515,
    "spontaansus_ilma": 0.711864406779661,
    "spontaansus_kaalud": 0.9395394736842104,
    "spontaansus_kaalud_sujuv": 0.8613360323886639
}