{
    "formaalsus_ilma": 0.6538461538461539,
    "formaalsus_kaalud": 0.7641717049576784,
    "formaalsus_kaalud_sujuv": 0.7511528822055139,
    "spontaansus_ilma": 0.13559322033898305,
    "spontaansus_kaalud": 0.061776315789473686,
    "spontaansus_kaalud_sujuv": 0.09587044534412956
}