{
    "formaalsus_ilma": 0.6282051282051282,
    "formaalsus_kaalud": 0.6690084643288996,
    "formaalsus_kaalud_sujuv": 0.6680200501253133,
    "spontaansus_ilma": 0.01694915254237288,
    "spontaansus_kaalud": 0.0,
    "spontaansus_kaalud_sujuv": 0.0
}