{
    "formaalsus_ilma": 0.07692307692307693,
    "formaalsus_kaalud": 0.06377267230955268,
    "formaalsus_kaalud_sujuv": 0.06423558897243106,
    "spontaansus_ilma": 0.9491525423728814,
    "spontaansus_kaalud": 0.9731578947368421,
    "spontaansus_kaalud_sujuv": 0.9672064777327937
}