{
    "formaalsus_ilma": 0.5512820512820513,
    "formaalsus_kaalud": 0.5274727932285369,
    "formaalsus_kaalud_sujuv": 0.542280701754386,
    "spontaansus_ilma": 0.3050847457627119,
    "spontaansus_kaalud": 0.42026315789473684,
    "spontaansus_kaalud_sujuv": 0.39214574898785426
}