{
    "formaalsus_ilma": 0.5384615384615384,
    "formaalsus_kaalud": 0.6173760580411124,
    "formaalsus_kaalud_sujuv": 0.6004511278195488,
    "spontaansus_ilma": 0.423728813559322,
    "spontaansus_kaalud": 0.3826535087719298,
    "spontaansus_kaalud_sujuv": 0.41615384615384626
}