{
    "formaalsus_ilma": 0.19230769230769232,
    "formaalsus_kaalud": 0.16724304715840393,
    "formaalsus_kaalud_sujuv": 0.17120300751879708,
    "spontaansus_ilma": 0.576271186440678,
    "spontaansus_kaalud": 0.845,
    "spontaansus_kaalud_sujuv": 0.7700809716599191
}