{
    "formaalsus_ilma": 0.08974358974358974,
    "formaalsus_kaalud": 0.04616686819830714,
    "formaalsus_kaalud_sujuv": 0.050551378446115326,
    "spontaansus_ilma": 1.0,
    "spontaansus_kaalud": 1.0,
    "spontaansus_kaalud_sujuv": 1.0
}