{
    "formaalsus_ilma": 0.6794871794871795,
    "formaalsus_kaalud": 0.744993954050786,
    "formaalsus_kaalud_sujuv": 0.740375939849624,
    "spontaansus_ilma": 0.3220338983050847,
    "spontaansus_kaalud": 0.32469298245614037,
    "spontaansus_kaalud_sujuv": 0.3210121457489879
}