{
    "formaalsus_ilma": 0.6025641025641025,
    "formaalsus_kaalud": 0.6233252720677146,
    "formaalsus_kaalud_sujuv": 0.6245864661654136,
    "spontaansus_ilma": 0.3220338983050847,
    "spontaansus_kaalud": 0.3717763157894737,
    "spontaansus_kaalud_sujuv": 0.36955465587044534
}