{
    "formaalsus_ilma": 0.6282051282051282,
    "formaalsus_kaalud": 0.6417049576783556,
    "formaalsus_kaalud_sujuv": 0.648671679197995,
    "spontaansus_ilma": 0.11864406779661017,
    "spontaansus_kaalud": 0.1520175438596491,
    "spontaansus_kaalud_sujuv": 0.13906882591093114
}