{
    "formaalsus_ilma": 0.21794871794871795,
    "formaalsus_kaalud": 0.1257557436517534,
    "formaalsus_kaalud_sujuv": 0.13463659147869667,
    "spontaansus_ilma": 0.8983050847457628,
    "spontaansus_kaalud": 0.9046052631578947,
    "spontaansus_kaalud_sujuv": 0.9003238866396761
}