{
    "formaalsus_ilma": 0.11538461538461539,
    "formaalsus_kaalud": 0.1164933494558646,
    "formaalsus_kaalud_sujuv": 0.11250626566416037,
    "spontaansus_ilma": 0.8305084745762712,
    "spontaansus_kaalud": 0.8990131578947367,
    "spontaansus_kaalud_sujuv": 0.8865991902834008
}