{
    "formaalsus_ilma": 0.07692307692307693,
    "formaalsus_kaalud": 0.045465538089480076,
    "formaalsus_kaalud_sujuv": 0.04761904761904769,
    "spontaansus_ilma": 0.9830508474576272,
    "spontaansus_kaalud": 1.0,
    "spontaansus_kaalud_sujuv": 1.0
}