{
    "formaalsus_ilma": 0.08974358974358974,
    "formaalsus_kaalud": 0.04871825876662639,
    "formaalsus_kaalud_sujuv": 0.05651629072681707,
    "spontaansus_ilma": 0.9661016949152542,
    "spontaansus_kaalud": 0.9847807017543859,
    "spontaansus_kaalud_sujuv": 0.9797975708502024
}