{
    "formaalsus_ilma": 0.9102564102564102,
    "formaalsus_kaalud": 0.8572067714631199,
    "formaalsus_kaalud_sujuv": 0.8719298245614034,
    "spontaansus_ilma": 0.0847457627118644,
    "spontaansus_kaalud": 0.038903508771929815,
    "spontaansus_kaalud_sujuv": 0.048097165991902814
}