{
    "formaalsus_ilma": 0.5384615384615384,
    "formaalsus_kaalud": 0.45177750906892383,
    "formaalsus_kaalud_sujuv": 0.48213032581453635,
    "spontaansus_ilma": 0.3050847457627119,
    "spontaansus_kaalud": 0.3760087719298245,
    "spontaansus_kaalud_sujuv": 0.3352226720647773
}