{
    "formaalsus_ilma": 0.4358974358974359,
    "formaalsus_kaalud": 0.5330955259975816,
    "formaalsus_kaalud_sujuv": 0.5148370927318296,
    "spontaansus_ilma": 0.15254237288135594,
    "spontaansus_kaalud": 0.039122807017543865,
    "spontaansus_kaalud_sujuv": 0.06757085020242914
}