{
    "formaalsus_ilma": 0.23076923076923078,
    "formaalsus_kaalud": 0.15962515114873033,
    "formaalsus_kaalud_sujuv": 0.16604010025062657,
    "spontaansus_ilma": 0.7796610169491526,
    "spontaansus_kaalud": 1.0,
    "spontaansus_kaalud_sujuv": 1.0
}