{
    "formaalsus_ilma": 0.32051282051282054,
    "formaalsus_kaalud": 0.24519951632406284,
    "formaalsus_kaalud_sujuv": 0.2642355889724311,
    "spontaansus_ilma": 0.559322033898305,
    "spontaansus_kaalud": 0.8434649122807018,
    "spontaansus_kaalud_sujuv": 0.762995951417004
}