{
    "formaalsus_ilma": 0.38461538461538464,
    "formaalsus_kaalud": 0.4029866989117291,
    "formaalsus_kaalud_sujuv": 0.4045112781954887,
    "spontaansus_ilma": 0.288135593220339,
    "spontaansus_kaalud": 0.3921929824561403,
    "spontaansus_kaalud_sujuv": 0.3674493927125506
}