{
    "formaalsus_ilma": 0.6282051282051282,
    "formaalsus_kaalud": 0.6303022974607013,
    "formaalsus_kaalud_sujuv": 0.6384210526315789,
    "spontaansus_ilma": 0.3728813559322034,
    "spontaansus_kaalud": 0.4633552631578947,
    "spontaansus_kaalud_sujuv": 0.44417004048583
}