{
    "formaalsus_ilma": 0.4358974358974359,
    "formaalsus_kaalud": 0.4308101571946795,
    "formaalsus_kaalud_sujuv": 0.4368421052631579,
    "spontaansus_ilma": 0.3898305084745763,
    "spontaansus_kaalud": 0.43173245614035083,
    "spontaansus_kaalud_sujuv": 0.4305668016194332
}