{
    "formaalsus_ilma": 0.1794871794871795,
    "formaalsus_kaalud": 0.20373639661426837,
    "formaalsus_kaalud_sujuv": 0.1943107769423559,
    "spontaansus_ilma": 0.6271186440677966,
    "spontaansus_kaalud": 0.8663377192982457,
    "spontaansus_kaalud_sujuv": 0.8023886639676113
}