{
    "formaalsus_ilma": 0.5128205128205128,
    "formaalsus_kaalud": 0.5123458282950423,
    "formaalsus_kaalud_sujuv": 0.5190225563909775,
    "spontaansus_ilma": 0.1864406779661017,
    "spontaansus_kaalud": 0.25394736842105264,
    "spontaansus_kaalud_sujuv": 0.23412955465587043
}