{
    "formaalsus_ilma": 0.6923076923076923,
    "formaalsus_kaalud": 0.6943772672309553,
    "formaalsus_kaalud_sujuv": 0.7085213032581453,
    "spontaansus_ilma": 0.2542372881355932,
    "spontaansus_kaalud": 0.2658114035087719,
    "spontaansus_kaalud_sujuv": 0.26890688259109313
}