{
    "formaalsus_ilma": 0.9102564102564102,
    "formaalsus_kaalud": 0.9318863361547763,
    "formaalsus_kaalud_sujuv": 0.939874686716792,
    "spontaansus_ilma": 0.03389830508474576,
    "spontaansus_kaalud": 0.0,
    "spontaansus_kaalud_sujuv": 0.0
}