{
    "formaalsus_ilma": 0.7692307692307693,
    "formaalsus_kaalud": 0.7493954050785974,
    "formaalsus_kaalud_sujuv": 0.7480200501253133,
    "spontaansus_ilma": 0.3050847457627119,
    "spontaansus_kaalud": 0.35050438596491224,
    "spontaansus_kaalud_sujuv": 0.3409311740890688
}