{
    "formaalsus_ilma": 0.6666666666666666,
    "formaalsus_kaalud": 0.7779201934703749,
    "formaalsus_kaalud_sujuv": 0.7617042606516291,
    "spontaansus_ilma": 0.0847457627118644,
    "spontaansus_kaalud": 0.0,
    "spontaansus_kaalud_sujuv": 0.0
}