{
    "formaalsus_ilma": 0.8717948717948718,
    "formaalsus_kaalud": 0.9753204353083434,
    "formaalsus_kaalud_sujuv": 0.9669674185463659,
    "spontaansus_ilma": 0.0847457627118644,
    "spontaansus_kaalud": 0.031315789473684214,
    "spontaansus_kaalud_sujuv": 0.04064777327935222
}