{
    "formaalsus_ilma": 0.6025641025641025,
    "formaalsus_kaalud": 0.6422007255139057,
    "formaalsus_kaalud_sujuv": 0.640125313283208,
    "spontaansus_ilma": 0.3898305084745763,
    "spontaansus_kaalud": 0.42247807017543854,
    "spontaansus_kaalud_sujuv": 0.41676113360323885
}