{
    "formaalsus_ilma": 0.08974358974358974,
    "formaalsus_kaalud": 0.10065296251511488,
    "formaalsus_kaalud_sujuv": 0.09243107769423566,
    "spontaansus_ilma": 0.7627118644067796,
    "spontaansus_kaalud": 0.9673245614035086,
    "spontaansus_kaalud_sujuv": 0.910161943319838
}