{
    "formaalsus_ilma": 0.6666666666666666,
    "formaalsus_kaalud": 0.8024788391777509,
    "formaalsus_kaalud_sujuv": 0.7815288220551379,
    "spontaansus_ilma": 0.2033898305084746,
    "spontaansus_kaalud": 0.15184210526315792,
    "spontaansus_kaalud_sujuv": 0.16279352226720648
}