{
    "formaalsus_ilma": 0.23076923076923078,
    "formaalsus_kaalud": 0.17333736396614272,
    "formaalsus_kaalud_sujuv": 0.17847117794486217,
    "spontaansus_ilma": 0.7966101694915254,
    "spontaansus_kaalud": 1.0,
    "spontaansus_kaalud_sujuv": 0.9661538461538461
}