{
    "formaalsus_ilma": 0.21794871794871795,
    "formaalsus_kaalud": 0.16754534461910528,
    "formaalsus_kaalud_sujuv": 0.16939849624060158,
    "spontaansus_ilma": 0.8813559322033898,
    "spontaansus_kaalud": 1.0,
    "spontaansus_kaalud_sujuv": 1.0
}