{
    "formaalsus_ilma": 0.9871794871794872,
    "formaalsus_kaalud": 0.9682345828295043,
    "formaalsus_kaalud_sujuv": 0.9726315789473684,
    "spontaansus_ilma": 0.1016949152542373,
    "spontaansus_kaalud": 0.06026315789473682,
    "spontaansus_kaalud_sujuv": 0.06623481781376518
}