{
    "formaalsus_ilma": 0.6794871794871795,
    "formaalsus_kaalud": 0.7296493349455866,
    "formaalsus_kaalud_sujuv": 0.7297744360902256,
    "spontaansus_ilma": 0.1694915254237288,
    "spontaansus_kaalud": 0.08028508771929821,
    "spontaansus_kaalud_sujuv": 0.1199595141700405
}