{
    "formaalsus_ilma": 0.6282051282051282,
    "formaalsus_kaalud": 0.744087061668682,
    "formaalsus_kaalud_sujuv": 0.724736842105263,
    "spontaansus_ilma": 0.1016949152542373,
    "spontaansus_kaalud": 0.0,
    "spontaansus_kaalud_sujuv": 0.0
}