{
    "formaalsus_ilma": 0.5512820512820513,
    "formaalsus_kaalud": 0.6333131801692866,
    "formaalsus_kaalud_sujuv": 0.6264661654135338,
    "spontaansus_ilma": 0.3728813559322034,
    "spontaansus_kaalud": 0.3787061403508772,
    "spontaansus_kaalud_sujuv": 0.3787854251012146
}