{
    "formaalsus_ilma": 0.5512820512820513,
    "formaalsus_kaalud": 0.6106650544135429,
    "formaalsus_kaalud_sujuv": 0.606015037593985,
    "spontaansus_ilma": 0.3220338983050847,
    "spontaansus_kaalud": 0.30624999999999997,
    "spontaansus_kaalud_sujuv": 0.3225910931174089
}