{
    "formaalsus_ilma": 0.9871794871794872,
    "formaalsus_kaalud": 0.9585247883917776,
    "formaalsus_kaalud_sujuv": 0.976390977443609,
    "spontaansus_ilma": 0.0,
    "spontaansus_kaalud": 0.0,
    "spontaansus_kaalud_sujuv": 0.0
}