{
    "formaalsus_ilma": 0.6794871794871795,
    "formaalsus_kaalud": 0.7296493349455866,
    "formaalsus_kaalud_sujuv": 0.7297744360902256,
    "spontaansus_ilma": 0.2542372881355932,
    "spontaansus_kaalud": 0.09767543859649125,
    "spontaansus_kaalud_sujuv": 0.13125506072874496
}