{
    "formaalsus_ilma": 0.1282051282051282,
    "formaalsus_kaalud": 0.1063119709794438,
    "formaalsus_kaalud_sujuv": 0.10719298245614038,
    "spontaansus_ilma": 0.7966101694915254,
    "spontaansus_kaalud": 1.0,
    "spontaansus_kaalud_sujuv": 1.0
}