{
    "formaalsus_ilma": 0.4358974358974359,
    "formaalsus_kaalud": 0.5401934703748489,
    "formaalsus_kaalud_sujuv": 0.5176942355889724,
    "spontaansus_ilma": 0.22033898305084745,
    "spontaansus_kaalud": 0.2412938596491228,
    "spontaansus_kaalud_sujuv": 0.23299595141700405
}