{
    "formaalsus_ilma": 0.5128205128205128,
    "formaalsus_kaalud": 0.5123458282950423,
    "formaalsus_kaalud_sujuv": 0.5190225563909775,
    "spontaansus_ilma": 0.2711864406779661,
    "spontaansus_kaalud": 0.25721491228070176,
    "spontaansus_kaalud_sujuv": 0.23834008097165993
}