{
    "formaalsus_ilma": 0.7948717948717948,
    "formaalsus_kaalud": 0.8942200725513906,
    "formaalsus_kaalud_sujuv": 0.8845864661654135,
    "spontaansus_ilma": 0.23728813559322035,
    "spontaansus_kaalud": 0.0437938596491228,
    "spontaansus_kaalud_sujuv": 0.10307692307692308
}