{
    "formaalsus_ilma": 0.2948717948717949,
    "formaalsus_kaalud": 0.2914510278113664,
    "formaalsus_kaalud_sujuv": 0.30431077694235587,
    "spontaansus_ilma": 0.5254237288135594,
    "spontaansus_kaalud": 0.5550657894736841,
    "spontaansus_kaalud_sujuv": 0.5451012145748987
}