{
    "formaalsus_ilma": 0.48717948717948717,
    "formaalsus_kaalud": 0.6022128174123337,
    "formaalsus_kaalud_sujuv": 0.58062656641604,
    "spontaansus_ilma": 0.23728813559322035,
    "spontaansus_kaalud": 0.1415570175438596,
    "spontaansus_kaalud_sujuv": 0.18927125506072875
}