{
    "formaalsus_ilma": 0.4358974358974359,
    "formaalsus_kaalud": 0.5330955259975816,
    "formaalsus_kaalud_sujuv": 0.5148370927318296,
    "spontaansus_ilma": 0.1016949152542373,
    "spontaansus_kaalud": 0.012741228070175444,
    "spontaansus_kaalud_sujuv": 0.05117408906882588
}