{
    "formaalsus_ilma": 0.3076923076923077,
    "formaalsus_kaalud": 0.3192261185006046,
    "formaalsus_kaalud_sujuv": 0.31568922305764413,
    "spontaansus_ilma": 0.423728813559322,
    "spontaansus_kaalud": 0.5546929824561403,
    "spontaansus_kaalud_sujuv": 0.5221862348178138
}