{
    "formaalsus_ilma": 0.28205128205128205,
    "formaalsus_kaalud": 0.2628778718258767,
    "formaalsus_kaalud_sujuv": 0.27263157894736845,
    "spontaansus_ilma": 0.5254237288135594,
    "spontaansus_kaalud": 0.8117543859649122,
    "spontaansus_kaalud_sujuv": 0.722753036437247
}