{
    "formaalsus_ilma": 0.21794871794871795,
    "formaalsus_kaalud": 0.19131801692865782,
    "formaalsus_kaalud_sujuv": 0.20037593984962404,
    "spontaansus_ilma": 0.559322033898305,
    "spontaansus_kaalud": 0.6146491228070176,
    "spontaansus_kaalud_sujuv": 0.6003643724696357
}