{
    "formaalsus_ilma": 0.9102564102564102,
    "formaalsus_kaalud": 0.9412333736396614,
    "formaalsus_kaalud_sujuv": 0.9362406015037594,
    "spontaansus_ilma": 0.11864406779661017,
    "spontaansus_kaalud": 0.15414473684210525,
    "spontaansus_kaalud_sujuv": 0.14558704453441296
}