{
    "formaalsus_ilma": 0.1282051282051282,
    "formaalsus_kaalud": 0.11027811366384528,
    "formaalsus_kaalud_sujuv": 0.11288220551378451,
    "spontaansus_ilma": 0.8305084745762712,
    "spontaansus_kaalud": 0.8568201754385966,
    "spontaansus_kaalud_sujuv": 0.8549797570850203
}