{
    "formaalsus_ilma": 0.3974358974358974,
    "formaalsus_kaalud": 0.34812575574365173,
    "formaalsus_kaalud_sujuv": 0.37107769423558895,
    "spontaansus_ilma": 0.288135593220339,
    "spontaansus_kaalud": 0.4794517543859649,
    "spontaansus_kaalud_sujuv": 0.41299595141700407
}