{
    "formaalsus_ilma": 0.8589743589743589,
    "formaalsus_kaalud": 0.9201934703748489,
    "formaalsus_kaalud_sujuv": 0.9241102756892231,
    "spontaansus_ilma": 0.03389830508474576,
    "spontaansus_kaalud": 0.0,
    "spontaansus_kaalud_sujuv": 0.0
}