{
    "formaalsus_ilma": 0.2948717948717949,
    "formaalsus_kaalud": 0.2704957678355502,
    "formaalsus_kaalud_sujuv": 0.2819548872180451,
    "spontaansus_ilma": 0.576271186440678,
    "spontaansus_kaalud": 0.8111622807017543,
    "spontaansus_kaalud_sujuv": 0.719595141700405
}