{
    "formaalsus_ilma": 0.24358974358974358,
    "formaalsus_kaalud": 0.19372430471584043,
    "formaalsus_kaalud_sujuv": 0.19711779448621547,
    "spontaansus_ilma": 0.8813559322033898,
    "spontaansus_kaalud": 1.0,
    "spontaansus_kaalud_sujuv": 1.0
}