{
    "formaalsus_ilma": 0.38461538461538464,
    "formaalsus_kaalud": 0.39952841596130595,
    "formaalsus_kaalud_sujuv": 0.3995238095238095,
    "spontaansus_ilma": 0.3559322033898305,
    "spontaansus_kaalud": 0.43087719298245614,
    "spontaansus_kaalud_sujuv": 0.40935222672064775
}