{
    "formaalsus_ilma": 0.9230769230769231,
    "formaalsus_kaalud": 0.9349455864570738,
    "formaalsus_kaalud_sujuv": 0.9477944862155389,
    "spontaansus_ilma": 0.0,
    "spontaansus_kaalud": 0.0,
    "spontaansus_kaalud_sujuv": 0.0
}