{
    "formaalsus_ilma": 0.38461538461538464,
    "formaalsus_kaalud": 0.4029866989117291,
    "formaalsus_kaalud_sujuv": 0.4045112781954887,
    "spontaansus_ilma": 0.3389830508474576,
    "spontaansus_kaalud": 0.3924561403508772,
    "spontaansus_kaalud_sujuv": 0.36801619433198385
}