{
    "formaalsus_ilma": 0.6923076923076923,
    "formaalsus_kaalud": 0.7015719467956469,
    "formaalsus_kaalud_sujuv": 0.7135588972431077,
    "spontaansus_ilma": 0.3559322033898305,
    "spontaansus_kaalud": 0.3553289473684211,
    "spontaansus_kaalud_sujuv": 0.3534817813765182
}