{
    "formaalsus_ilma": 0.14102564102564102,
    "formaalsus_kaalud": 0.13765417170495772,
    "formaalsus_kaalud_sujuv": 0.13984962406015042,
    "spontaansus_ilma": 0.7627118644067796,
    "spontaansus_kaalud": 0.8205921052631578,
    "spontaansus_kaalud_sujuv": 0.8111740890688259
}