{
    "formaalsus_ilma": 0.6794871794871795,
    "formaalsus_kaalud": 0.6260943168077387,
    "formaalsus_kaalud_sujuv": 0.6504010025062656,
    "spontaansus_ilma": 0.3559322033898305,
    "spontaansus_kaalud": 0.3655043859649123,
    "spontaansus_kaalud_sujuv": 0.35271255060728746
}