{
    "formaalsus_ilma": 0.4230769230769231,
    "formaalsus_kaalud": 0.4217412333736396,
    "formaalsus_kaalud_sujuv": 0.42518796992481206,
    "spontaansus_ilma": 0.559322033898305,
    "spontaansus_kaalud": 0.6771491228070174,
    "spontaansus_kaalud_sujuv": 0.6507287449392714
}