{
    "formaalsus_ilma": 0.3717948717948718,
    "formaalsus_kaalud": 0.37078597339782343,
    "formaalsus_kaalud_sujuv": 0.3809273182957394,
    "spontaansus_ilma": 0.4406779661016949,
    "spontaansus_kaalud": 0.478640350877193,
    "spontaansus_kaalud_sujuv": 0.46692307692307694
}