{
    "formaalsus_ilma": 0.5641025641025641,
    "formaalsus_kaalud": 0.5806892382103991,
    "formaalsus_kaalud_sujuv": 0.5799498746867168,
    "spontaansus_ilma": 0.23728813559322035,
    "spontaansus_kaalud": 0.22655701754385965,
    "spontaansus_kaalud_sujuv": 0.24279352226720646
}