{
    "formaalsus_ilma": 0.3076923076923077,
    "formaalsus_kaalud": 0.2963361547762999,
    "formaalsus_kaalud_sujuv": 0.29947368421052634,
    "spontaansus_ilma": 0.3898305084745763,
    "spontaansus_kaalud": 0.505438596491228,
    "spontaansus_kaalud_sujuv": 0.4797165991902834
}