{
    "formaalsus_ilma": 0.47435897435897434,
    "formaalsus_kaalud": 0.4007134220072551,
    "formaalsus_kaalud_sujuv": 0.4267418546365914,
    "spontaansus_ilma": 0.3220338983050847,
    "spontaansus_kaalud": 0.40131578947368424,
    "spontaansus_kaalud_sujuv": 0.3808097165991903
}