{
    "formaalsus_ilma": 0.6666666666666666,
    "formaalsus_kaalud": 0.709310761789601,
    "formaalsus_kaalud_sujuv": 0.7140852130325815,
    "spontaansus_ilma": 0.3559322033898305,
    "spontaansus_kaalud": 0.2583333333333333,
    "spontaansus_kaalud_sujuv": 0.275668016194332
}