{
    "formaalsus_ilma": 0.6282051282051282,
    "formaalsus_kaalud": 0.7462998790810158,
    "formaalsus_kaalud_sujuv": 0.7283959899749374,
    "spontaansus_ilma": 0.13559322033898305,
    "spontaansus_kaalud": 0.01896929824561405,
    "spontaansus_kaalud_sujuv": 0.0706477732793522
}