{
    "formaalsus_ilma": 0.6025641025641025,
    "formaalsus_kaalud": 0.553397823458283,
    "formaalsus_kaalud_sujuv": 0.5849874686716792,
    "spontaansus_ilma": 0.1864406779661017,
    "spontaansus_kaalud": 0.2619736842105263,
    "spontaansus_kaalud_sujuv": 0.241497975708502
}