{
    "formaalsus_ilma": 0.6666666666666666,
    "formaalsus_kaalud": 0.6703506650544135,
    "formaalsus_kaalud_sujuv": 0.6846867167919799,
    "spontaansus_ilma": 0.13559322033898305,
    "spontaansus_kaalud": 0.12478070175438595,
    "spontaansus_kaalud_sujuv": 0.13591093117408906
}