{
    "formaalsus_ilma": 0.782051282051282,
    "formaalsus_kaalud": 0.8144740024183796,
    "formaalsus_kaalud_sujuv": 0.8237092731829575,
    "spontaansus_ilma": 0.13559322033898305,
    "spontaansus_kaalud": 0.07447368421052633,
    "spontaansus_kaalud_sujuv": 0.09607287449392712
}