{
    "formaalsus_ilma": 0.6666666666666666,
    "formaalsus_kaalud": 0.7595042321644498,
    "formaalsus_kaalud_sujuv": 0.750375939849624,
    "spontaansus_ilma": 0.0847457627118644,
    "spontaansus_kaalud": 0.0,
    "spontaansus_kaalud_sujuv": 0.008663967611336035
}