{
    "formaalsus_ilma": 0.8589743589743589,
    "formaalsus_kaalud": 0.8383917775090689,
    "formaalsus_kaalud_sujuv": 0.8585213032581454,
    "spontaansus_ilma": 0.11864406779661017,
    "spontaansus_kaalud": 0.08278508771929827,
    "spontaansus_kaalud_sujuv": 0.10133603238866397
}