{
    "formaalsus_ilma": 0.7948717948717948,
    "formaalsus_kaalud": 0.8990689238210399,
    "formaalsus_kaalud_sujuv": 0.8916791979949874,
    "spontaansus_ilma": 0.13559322033898305,
    "spontaansus_kaalud": 0.0,
    "spontaansus_kaalud_sujuv": 0.0
}