{
    "formaalsus_ilma": 0.46153846153846156,
    "formaalsus_kaalud": 0.48256348246674724,
    "formaalsus_kaalud_sujuv": 0.48686716791979945,
    "spontaansus_ilma": 0.3220338983050847,
    "spontaansus_kaalud": 0.36006578947368423,
    "spontaansus_kaalud_sujuv": 0.3487854251012146
}