{
    "formaalsus_ilma": 0.6923076923076923,
    "formaalsus_kaalud": 0.6816444981862153,
    "formaalsus_kaalud_sujuv": 0.7009022556390977,
    "spontaansus_ilma": 0.22033898305084745,
    "spontaansus_kaalud": 0.2520833333333333,
    "spontaansus_kaalud_sujuv": 0.23587044534412954
}