{
    "formaalsus_ilma": 0.7692307692307693,
    "formaalsus_kaalud": 0.8786819830713423,
    "formaalsus_kaalud_sujuv": 0.863157894736842,
    "spontaansus_ilma": 0.22033898305084745,
    "spontaansus_kaalud": 0.18776315789473685,
    "spontaansus_kaalud_sujuv": 0.198582995951417
}