{
    "formaalsus_ilma": 0.3076923076923077,
    "formaalsus_kaalud": 0.3250181378476421,
    "formaalsus_kaalud_sujuv": 0.3257393483709272,
    "spontaansus_ilma": 0.4576271186440678,
    "spontaansus_kaalud": 0.4931798245614035,
    "spontaansus_kaalud_sujuv": 0.4820242914979757
}