{
    "formaalsus_ilma": 0.8589743589743589,
    "formaalsus_kaalud": 0.8383917775090689,
    "formaalsus_kaalud_sujuv": 0.8585213032581454,
    "spontaansus_ilma": 0.13559322033898305,
    "spontaansus_kaalud": 0.0879824561403509,
    "spontaansus_kaalud_sujuv": 0.10388663967611335
}