{
    "formaalsus_ilma": 0.48717948717948717,
    "formaalsus_kaalud": 0.47189842805320437,
    "formaalsus_kaalud_sujuv": 0.4807518796992481,
    "spontaansus_ilma": 0.2542372881355932,
    "spontaansus_kaalud": 0.27725877192982457,
    "spontaansus_kaalud_sujuv": 0.2699595141700405
}