{
    "formaalsus_ilma": 0.3076923076923077,
    "formaalsus_kaalud": 0.25533252720677146,
    "formaalsus_kaalud_sujuv": 0.27233082706766915,
    "spontaansus_ilma": 0.3220338983050847,
    "spontaansus_kaalud": 0.5330482456140351,
    "spontaansus_kaalud_sujuv": 0.4653036437246964
}