{
    "formaalsus_ilma": 0.28205128205128205,
    "formaalsus_kaalud": 0.22474002418379688,
    "formaalsus_kaalud_sujuv": 0.23944862155388477,
    "spontaansus_ilma": 0.6101694915254238,
    "spontaansus_kaalud": 0.9995394736842105,
    "spontaansus_kaalud_sujuv": 0.881821862348178
}