{
    "formaalsus_ilma": 0.7564102564102564,
    "formaalsus_kaalud": 0.777291414752116,
    "formaalsus_kaalud_sujuv": 0.7848370927318296,
    "spontaansus_ilma": 0.0847457627118644,
    "spontaansus_kaalud": 0.0,
    "spontaansus_kaalud_sujuv": 0.015829959514170055
}