{
    "formaalsus_ilma": 0.3717948717948718,
    "formaalsus_kaalud": 0.25053204353083436,
    "formaalsus_kaalud_sujuv": 0.28328320802005014,
    "spontaansus_ilma": 0.5084745762711864,
    "spontaansus_kaalud": 0.7089473684210525,
    "spontaansus_kaalud_sujuv": 0.6227530364372469
}