{
    "formaalsus_ilma": 0.6282051282051282,
    "formaalsus_kaalud": 0.7216565900846432,
    "formaalsus_kaalud_sujuv": 0.7111528822055138,
    "spontaansus_ilma": 0.15254237288135594,
    "spontaansus_kaalud": 0.08394736842105265,
    "spontaansus_kaalud_sujuv": 0.10890688259109312
}