{
    "formaalsus_ilma": 0.7692307692307693,
    "formaalsus_kaalud": 0.8105199516324062,
    "formaalsus_kaalud_sujuv": 0.8157644110275689,
    "spontaansus_ilma": 0.2542372881355932,
    "spontaansus_kaalud": 0.3043421052631579,
    "spontaansus_kaalud_sujuv": 0.2944939271255061
}