{
    "formaalsus_ilma": 0.3717948717948718,
    "formaalsus_kaalud": 0.35267230955259976,
    "formaalsus_kaalud_sujuv": 0.3625313283208019,
    "spontaansus_ilma": 0.3728813559322034,
    "spontaansus_kaalud": 0.5395394736842105,
    "spontaansus_kaalud_sujuv": 0.4936032388663968
}