{
    "formaalsus_ilma": 0.6923076923076923,
    "formaalsus_kaalud": 0.6557678355501815,
    "formaalsus_kaalud_sujuv": 0.6754636591478697,
    "spontaansus_ilma": 0.1016949152542373,
    "spontaansus_kaalud": 0.1338815789473684,
    "spontaansus_kaalud_sujuv": 0.12295546558704452
}