{
    "formaalsus_ilma": 0.8205128205128205,
    "formaalsus_kaalud": 0.9056952841596131,
    "formaalsus_kaalud_sujuv": 0.9,
    "spontaansus_ilma": 0.22033898305084745,
    "spontaansus_kaalud": 0.1707017543859649,
    "spontaansus_kaalud_sujuv": 0.18008097165991904
}