{
    "formaalsus_ilma": 0.6410256410256411,
    "formaalsus_kaalud": 0.7319105199516324,
    "formaalsus_kaalud_sujuv": 0.7190476190476189,
    "spontaansus_ilma": 0.22033898305084745,
    "spontaansus_kaalud": 0.19717105263157894,
    "spontaansus_kaalud_sujuv": 0.19813765182186233
}