{
    "formaalsus_ilma": 0.3333333333333333,
    "formaalsus_kaalud": 0.3072430471584039,
    "formaalsus_kaalud_sujuv": 0.31796992481203007,
    "spontaansus_ilma": 0.5423728813559322,
    "spontaansus_kaalud": 0.724890350877193,
    "spontaansus_kaalud_sujuv": 0.6548987854251012
}