{
    "formaalsus_ilma": 0.6666666666666666,
    "formaalsus_kaalud": 0.7424546553808948,
    "formaalsus_kaalud_sujuv": 0.7414536340852131,
    "spontaansus_ilma": 0.423728813559322,
    "spontaansus_kaalud": 0.4571929824561404,
    "spontaansus_kaalud_sujuv": 0.44623481781376517
}