{
    "formaalsus_ilma": 0.3333333333333333,
    "formaalsus_kaalud": 0.3072430471584039,
    "formaalsus_kaalud_sujuv": 0.31796992481203007,
    "spontaansus_ilma": 0.4745762711864407,
    "spontaansus_kaalud": 0.7298464912280703,
    "spontaansus_kaalud_sujuv": 0.655748987854251
}