{
    "formaalsus_ilma": 0.8205128205128205,
    "formaalsus_kaalud": 0.9148730350665054,
    "formaalsus_kaalud_sujuv": 0.9072681704260651,
    "spontaansus_ilma": 0.15254237288135594,
    "spontaansus_kaalud": 0.08138157894736842,
    "spontaansus_kaalud_sujuv": 0.09578947368421051
}