{
    "formaalsus_ilma": 0.5,
    "formaalsus_kaalud": 0.4967593712212817,
    "formaalsus_kaalud_sujuv": 0.5087719298245614,
    "spontaansus_ilma": 0.22033898305084745,
    "spontaansus_kaalud": 0.28714912280701754,
    "spontaansus_kaalud_sujuv": 0.2710931174089069
}