{
    "formaalsus_ilma": 0.34615384615384615,
    "formaalsus_kaalud": 0.30799274486094314,
    "formaalsus_kaalud_sujuv": 0.3199749373433584,
    "spontaansus_ilma": 0.4576271186440678,
    "spontaansus_kaalud": 0.5685307017543859,
    "spontaansus_kaalud_sujuv": 0.5219028340080971
}