{
    "formaalsus_ilma": 0.5128205128205128,
    "formaalsus_kaalud": 0.5179322853688029,
    "formaalsus_kaalud_sujuv": 0.5217543859649123,
    "spontaansus_ilma": 0.3220338983050847,
    "spontaansus_kaalud": 0.2917105263157894,
    "spontaansus_kaalud_sujuv": 0.30878542510121454
}