{
    "formaalsus_ilma": 0.7948717948717948,
    "formaalsus_kaalud": 0.9287545344619105,
    "formaalsus_kaalud_sujuv": 0.9170426065162907,
    "spontaansus_ilma": 0.2033898305084746,
    "spontaansus_kaalud": 0.12802631578947368,
    "spontaansus_kaalud_sujuv": 0.14506072874493928
}