{
    "formaalsus_ilma": 0.5512820512820513,
    "formaalsus_kaalud": 0.5730713422007255,
    "formaalsus_kaalud_sujuv": 0.5706265664160401,
    "spontaansus_ilma": 0.2542372881355932,
    "spontaansus_kaalud": 0.2188377192982456,
    "spontaansus_kaalud_sujuv": 0.24651821862348178
}