{
    "formaalsus_ilma": 0.3333333333333333,
    "formaalsus_kaalud": 0.31244256348246674,
    "formaalsus_kaalud_sujuv": 0.3240852130325815,
    "spontaansus_ilma": 0.5084745762711864,
    "spontaansus_kaalud": 0.5915131578947369,
    "spontaansus_kaalud_sujuv": 0.5693117408906883
}