{
    "formaalsus_ilma": 0.7435897435897436,
    "formaalsus_kaalud": 0.81683192261185,
    "formaalsus_kaalud_sujuv": 0.8168671679197995,
    "spontaansus_ilma": 0.05084745762711865,
    "spontaansus_kaalud": 0.0,
    "spontaansus_kaalud_sujuv": 0.0
}