{
    "formaalsus_ilma": 0.4230769230769231,
    "formaalsus_kaalud": 0.40723095525997577,
    "formaalsus_kaalud_sujuv": 0.411704260651629,
    "spontaansus_ilma": 0.5254237288135594,
    "spontaansus_kaalud": 0.7925877192982457,
    "spontaansus_kaalud_sujuv": 0.7191497975708502
}