{
    "formaalsus_ilma": 0.5897435897435898,
    "formaalsus_kaalud": 0.5704353083434099,
    "formaalsus_kaalud_sujuv": 0.5830576441102757,
    "spontaansus_ilma": 0.22033898305084745,
    "spontaansus_kaalud": 0.23239035087719298,
    "spontaansus_kaalud_sujuv": 0.231497975708502
}