{
    "formaalsus_ilma": 0.5512820512820513,
    "formaalsus_kaalud": 0.5279927448609432,
    "formaalsus_kaalud_sujuv": 0.5390977443609022,
    "spontaansus_ilma": 0.22033898305084745,
    "spontaansus_kaalud": 0.2783771929824561,
    "spontaansus_kaalud_sujuv": 0.2623076923076923
}