{
    "formaalsus_ilma": 0.3717948717948718,
    "formaalsus_kaalud": 0.24036275695284157,
    "formaalsus_kaalud_sujuv": 0.27533834586466166,
    "spontaansus_ilma": 0.4406779661016949,
    "spontaansus_kaalud": 0.5128070175438597,
    "spontaansus_kaalud_sujuv": 0.4900404858299595
}