{
    "formaalsus_ilma": 0.3974358974358974,
    "formaalsus_kaalud": 0.363857315598549,
    "formaalsus_kaalud_sujuv": 0.3809022556390978,
    "spontaansus_ilma": 0.423728813559322,
    "spontaansus_kaalud": 0.4875877192982456,
    "spontaansus_kaalud_sujuv": 0.4706882591093117
}