{
    "formaalsus_ilma": 0.7564102564102564,
    "formaalsus_kaalud": 0.7881499395405078,
    "formaalsus_kaalud_sujuv": 0.7960902255639097,
    "spontaansus_ilma": 0.0847457627118644,
    "spontaansus_kaalud": 0.0,
    "spontaansus_kaalud_sujuv": 0.024170040485829956
}