{
    "formaalsus_ilma": 0.34615384615384615,
    "formaalsus_kaalud": 0.36737605804111245,
    "formaalsus_kaalud_sujuv": 0.3717794486215539,
    "spontaansus_ilma": 0.423728813559322,
    "spontaansus_kaalud": 0.5313596491228071,
    "spontaansus_kaalud_sujuv": 0.4759919028340081
}