{
    "formaalsus_ilma": 0.5,
    "formaalsus_kaalud": 0.46958887545344624,
    "formaalsus_kaalud_sujuv": 0.4862907268170426,
    "spontaansus_ilma": 0.11864406779661017,
    "spontaansus_kaalud": 0.20445175438596488,
    "spontaansus_kaalud_sujuv": 0.17392712550607287
}