{
    "formaalsus_ilma": 0.782051282051282,
    "formaalsus_kaalud": 0.7303506650544136,
    "formaalsus_kaalud_sujuv": 0.7559147869674185,
    "spontaansus_ilma": 0.13559322033898305,
    "spontaansus_kaalud": 0.11274122807017543,
    "spontaansus_kaalud_sujuv": 0.12813765182186235
}