{
    "formaalsus_ilma": 0.46153846153846156,
    "formaalsus_kaalud": 0.46842805320435305,
    "formaalsus_kaalud_sujuv": 0.4750877192982456,
    "spontaansus_ilma": 0.2711864406779661,
    "spontaansus_kaalud": 0.36313596491228073,
    "spontaansus_kaalud_sujuv": 0.33975708502024293
}