{
    "formaalsus_ilma": 0.2564102564102564,
    "formaalsus_kaalud": 0.22499395405078595,
    "formaalsus_kaalud_sujuv": 0.23441102756892238,
    "spontaansus_ilma": 0.423728813559322,
    "spontaansus_kaalud": 0.6021491228070175,
    "spontaansus_kaalud_sujuv": 0.5407287449392713
}