{
    "formaalsus_ilma": 0.7564102564102564,
    "formaalsus_kaalud": 0.8143651753325273,
    "formaalsus_kaalud_sujuv": 0.8155388471177945,
    "spontaansus_ilma": 0.1694915254237288,
    "spontaansus_kaalud": 0.22221491228070175,
    "spontaansus_kaalud_sujuv": 0.20643724696356275
}