{
    "formaalsus_ilma": 0.358974358974359,
    "formaalsus_kaalud": 0.3464933494558646,
    "formaalsus_kaalud_sujuv": 0.3514285714285714,
    "spontaansus_ilma": 0.559322033898305,
    "spontaansus_kaalud": 0.790109649122807,
    "spontaansus_kaalud_sujuv": 0.7109716599190284
}