{
    "formaalsus_ilma": 0.41025641025641024,
    "formaalsus_kaalud": 0.39230955259975814,
    "formaalsus_kaalud_sujuv": 0.3993483709273183,
    "spontaansus_ilma": 0.423728813559322,
    "spontaansus_kaalud": 0.5780263157894736,
    "spontaansus_kaalud_sujuv": 0.5397165991902834
}