{
    "formaalsus_ilma": 0.6923076923076923,
    "formaalsus_kaalud": 0.6535429262394196,
    "formaalsus_kaalud_sujuv": 0.6760401002506266,
    "spontaansus_ilma": 0.1864406779661017,
    "spontaansus_kaalud": 0.12010964912280701,
    "spontaansus_kaalud_sujuv": 0.11866396761133605
}