{
    "formaalsus_ilma": 0.7307692307692307,
    "formaalsus_kaalud": 0.666142684401451,
    "formaalsus_kaalud_sujuv": 0.6878195488721804,
    "spontaansus_ilma": 0.288135593220339,
    "spontaansus_kaalud": 0.3523026315789473,
    "spontaansus_kaalud_sujuv": 0.3415384615384615
}