{
    "formaalsus_ilma": 0.6666666666666666,
    "formaalsus_kaalud": 0.7894437726723096,
    "formaalsus_kaalud_sujuv": 0.7766666666666666,
    "spontaansus_ilma": 0.15254237288135594,
    "spontaansus_kaalud": 0.16581140350877194,
    "spontaansus_kaalud_sujuv": 0.16198380566801618
}