{
    "formaalsus_ilma": 0.5256410256410257,
    "formaalsus_kaalud": 0.49802902055622733,
    "formaalsus_kaalud_sujuv": 0.5118295739348371,
    "spontaansus_ilma": 0.3559322033898305,
    "spontaansus_kaalud": 0.487719298245614,
    "spontaansus_kaalud_sujuv": 0.45453441295546565
}