{
    "formaalsus_ilma": 0.6282051282051282,
    "formaalsus_kaalud": 0.7216565900846432,
    "formaalsus_kaalud_sujuv": 0.7111528822055138,
    "spontaansus_ilma": 0.13559322033898305,
    "spontaansus_kaalud": 0.07381578947368421,
    "spontaansus_kaalud_sujuv": 0.10364372469635627
}