{
    "formaalsus_ilma": 0.6923076923076923,
    "formaalsus_kaalud": 0.7543047158403868,
    "formaalsus_kaalud_sujuv": 0.7525563909774435,
    "spontaansus_ilma": 0.0,
    "spontaansus_kaalud": 0.0,
    "spontaansus_kaalud_sujuv": 0.0
}