{
    "formaalsus_ilma": 0.7051282051282052,
    "formaalsus_kaalud": 0.7066626360338573,
    "formaalsus_kaalud_sujuv": 0.7208521303258145,
    "spontaansus_ilma": 0.1016949152542373,
    "spontaansus_kaalud": 0.03589912280701749,
    "spontaansus_kaalud_sujuv": 0.06765182186234815
}