{
    "formaalsus_ilma": 0.3076923076923077,
    "formaalsus_kaalud": 0.25533252720677146,
    "formaalsus_kaalud_sujuv": 0.27233082706766915,
    "spontaansus_ilma": 0.3559322033898305,
    "spontaansus_kaalud": 0.5322368421052631,
    "spontaansus_kaalud_sujuv": 0.46769230769230774
}