{
    "formaalsus_ilma": 0.7948717948717948,
    "formaalsus_kaalud": 0.7599274486094317,
    "formaalsus_kaalud_sujuv": 0.7760651629072681,
    "spontaansus_ilma": 0.1016949152542373,
    "spontaansus_kaalud": 0.006710526315789478,
    "spontaansus_kaalud_sujuv": 0.0317813765182186
}