{
    "formaalsus_ilma": 0.6282051282051282,
    "formaalsus_kaalud": 0.7811245465538089,
    "formaalsus_kaalud_sujuv": 0.7576691729323308,
    "spontaansus_ilma": 0.22033898305084745,
    "spontaansus_kaalud": 0.25855263157894737,
    "spontaansus_kaalud_sujuv": 0.25165991902834006
}