{
    "formaalsus_ilma": 0.6282051282051282,
    "formaalsus_kaalud": 0.6127569528415961,
    "formaalsus_kaalud_sujuv": 0.6272431077694236,
    "spontaansus_ilma": 0.2542372881355932,
    "spontaansus_kaalud": 0.29817982456140346,
    "spontaansus_kaalud_sujuv": 0.29554655870445345
}