{
    "formaalsus_ilma": 0.3076923076923077,
    "formaalsus_kaalud": 0.24845223700120916,
    "formaalsus_kaalud_sujuv": 0.2696491228070175,
    "spontaansus_ilma": 0.4576271186440678,
    "spontaansus_kaalud": 0.4575219298245614,
    "spontaansus_kaalud_sujuv": 0.45214574898785426
}