{
    "formaalsus_ilma": 0.7948717948717948,
    "formaalsus_kaalud": 0.8311003627569528,
    "formaalsus_kaalud_sujuv": 0.8323558897243108,
    "spontaansus_ilma": 0.03389830508474576,
    "spontaansus_kaalud": 0.0,
    "spontaansus_kaalud_sujuv": 0.0
}