{
    "formaalsus_ilma": 0.3076923076923077,
    "formaalsus_kaalud": 0.2508585247883918,
    "formaalsus_kaalud_sujuv": 0.27005012531328326,
    "spontaansus_ilma": 0.3050847457627119,
    "spontaansus_kaalud": 0.3462719298245614,
    "spontaansus_kaalud_sujuv": 0.331497975708502
}