{
    "formaalsus_ilma": 0.7435897435897436,
    "formaalsus_kaalud": 0.7005562273276905,
    "formaalsus_kaalud_sujuv": 0.7243859649122807,
    "spontaansus_ilma": 0.22033898305084745,
    "spontaansus_kaalud": 0.29076754385964915,
    "spontaansus_kaalud_sujuv": 0.27356275303643723
}