{
    "formaalsus_ilma": 0.48717948717948717,
    "formaalsus_kaalud": 0.5669528415961306,
    "formaalsus_kaalud_sujuv": 0.555062656641604,
    "spontaansus_ilma": 0.423728813559322,
    "spontaansus_kaalud": 0.5607017543859649,
    "spontaansus_kaalud_sujuv": 0.5177327935222672
}