{
    "formaalsus_ilma": 0.6923076923076923,
    "formaalsus_kaalud": 0.6492986698911729,
    "formaalsus_kaalud_sujuv": 0.6704260651629073,
    "spontaansus_ilma": 0.1016949152542373,
    "spontaansus_kaalud": 0.10278508771929826,
    "spontaansus_kaalud_sujuv": 0.09769230769230769
}