{
    "formaalsus_ilma": 0.7307692307692307,
    "formaalsus_kaalud": 0.8127085852478839,
    "formaalsus_kaalud_sujuv": 0.8096491228070176,
    "spontaansus_ilma": 0.06779661016949153,
    "spontaansus_kaalud": 0.0,
    "spontaansus_kaalud_sujuv": 0.019473684210526324
}