{
    "formaalsus_ilma": 0.7564102564102564,
    "formaalsus_kaalud": 0.8128778718258767,
    "formaalsus_kaalud_sujuv": 0.8127568922305763,
    "spontaansus_ilma": 0.1694915254237288,
    "spontaansus_kaalud": 0.2330263157894737,
    "spontaansus_kaalud_sujuv": 0.21591093117408905
}