{
    "formaalsus_ilma": 0.8589743589743589,
    "formaalsus_kaalud": 0.8522128174123337,
    "formaalsus_kaalud_sujuv": 0.8679699248120301,
    "spontaansus_ilma": 0.1694915254237288,
    "spontaansus_kaalud": 0.20271929824561402,
    "spontaansus_kaalud_sujuv": 0.1940080971659919
}