{
    "formaalsus_ilma": 0.5,
    "formaalsus_kaalud": 0.47207980652962517,
    "formaalsus_kaalud_sujuv": 0.4896240601503759,
    "spontaansus_ilma": 0.1016949152542373,
    "spontaansus_kaalud": 0.1338815789473684,
    "spontaansus_kaalud_sujuv": 0.12295546558704452
}