{
    "formaalsus_ilma": 0.782051282051282,
    "formaalsus_kaalud": 0.7499032648125755,
    "formaalsus_kaalud_sujuv": 0.7688972431077693,
    "spontaansus_ilma": 0.2033898305084746,
    "spontaansus_kaalud": 0.2663815789473684,
    "spontaansus_kaalud_sujuv": 0.24817813765182184
}