{
    "formaalsus_ilma": 0.6282051282051282,
    "formaalsus_kaalud": 0.7462998790810158,
    "formaalsus_kaalud_sujuv": 0.7283959899749374,
    "spontaansus_ilma": 0.13559322033898305,
    "spontaansus_kaalud": 0.03600877192982453,
    "spontaansus_kaalud_sujuv": 0.07919028340080972
}