{
    "formaalsus_ilma": 0.7564102564102564,
    "formaalsus_kaalud": 0.6813784764207981,
    "formaalsus_kaalud_sujuv": 0.7064661654135338,
    "spontaansus_ilma": 0.288135593220339,
    "spontaansus_kaalud": 0.31730263157894734,
    "spontaansus_kaalud_sujuv": 0.3056275303643725
}