{
    "formaalsus_ilma": 0.3076923076923077,
    "formaalsus_kaalud": 0.23530834340991535,
    "formaalsus_kaalud_sujuv": 0.25588972431077694,
    "spontaansus_ilma": 0.5084745762711864,
    "spontaansus_kaalud": 0.6706359649122807,
    "spontaansus_kaalud_sujuv": 0.5985425101214575
}