{
    "formaalsus_ilma": 0.7692307692307693,
    "formaalsus_kaalud": 0.8596130592503023,
    "formaalsus_kaalud_sujuv": 0.8498496240601503,
    "spontaansus_ilma": 0.1864406779661017,
    "spontaansus_kaalud": 0.22875,
    "spontaansus_kaalud_sujuv": 0.21963562753036436
}