{
    "formaalsus_ilma": 0.358974358974359,
    "formaalsus_kaalud": 0.34505441354292626,
    "formaalsus_kaalud_sujuv": 0.3532080200501253,
    "spontaansus_ilma": 0.3898305084745763,
    "spontaansus_kaalud": 0.5593421052631579,
    "spontaansus_kaalud_sujuv": 0.5131174089068826
}