{
    "formaalsus_ilma": 0.6794871794871795,
    "formaalsus_kaalud": 0.7084280532043531,
    "formaalsus_kaalud_sujuv": 0.7130075187969925,
    "spontaansus_ilma": 0.3220338983050847,
    "spontaansus_kaalud": 0.3304605263157895,
    "spontaansus_kaalud_sujuv": 0.3240080971659919
}