{
    "formaalsus_ilma": 0.48717948717948717,
    "formaalsus_kaalud": 0.5729987908101573,
    "formaalsus_kaalud_sujuv": 0.5641353383458647,
    "spontaansus_ilma": 0.4067796610169492,
    "spontaansus_kaalud": 0.4555701754385965,
    "spontaansus_kaalud_sujuv": 0.4486234817813765
}