{
    "formaalsus_ilma": 0.8461538461538461,
    "formaalsus_kaalud": 0.9330108827085852,
    "formaalsus_kaalud_sujuv": 0.9288471177944863,
    "spontaansus_ilma": 0.0,
    "spontaansus_kaalud": 0.0,
    "spontaansus_kaalud_sujuv": 0.0
}