{
    "formaalsus_ilma": 0.46153846153846156,
    "formaalsus_kaalud": 0.46842805320435305,
    "formaalsus_kaalud_sujuv": 0.4750877192982456,
    "spontaansus_ilma": 0.3220338983050847,
    "spontaansus_kaalud": 0.3724561403508772,
    "spontaansus_kaalud_sujuv": 0.347004048582996
}