{
    "formaalsus_ilma": 0.6666666666666666,
    "formaalsus_kaalud": 0.6950302297460701,
    "formaalsus_kaalud_sujuv": 0.7039097744360903,
    "spontaansus_ilma": 0.2711864406779661,
    "spontaansus_kaalud": 0.2977412280701754,
    "spontaansus_kaalud_sujuv": 0.28433198380566804
}