{
    "formaalsus_ilma": 0.48717948717948717,
    "formaalsus_kaalud": 0.4559008464328899,
    "formaalsus_kaalud_sujuv": 0.4671679197994987,
    "spontaansus_ilma": 0.22033898305084745,
    "spontaansus_kaalud": 0.25616228070175434,
    "spontaansus_kaalud_sujuv": 0.251417004048583
}