{
    "formaalsus_ilma": 0.782051282051282,
    "formaalsus_kaalud": 0.8560701330108828,
    "formaalsus_kaalud_sujuv": 0.8520551378446116,
    "spontaansus_ilma": 0.13559322033898305,
    "spontaansus_kaalud": 0.17513157894736842,
    "spontaansus_kaalud_sujuv": 0.16473684210526315
}