{
    "formaalsus_ilma": 0.47435897435897434,
    "formaalsus_kaalud": 0.559334945586457,
    "formaalsus_kaalud_sujuv": 0.5457393483709273,
    "spontaansus_ilma": 0.423728813559322,
    "spontaansus_kaalud": 0.5703289473684212,
    "spontaansus_kaalud_sujuv": 0.5297165991902835
}