{
    "formaalsus_ilma": 0.2564102564102564,
    "formaalsus_kaalud": 0.22499395405078595,
    "formaalsus_kaalud_sujuv": 0.23441102756892238,
    "spontaansus_ilma": 0.3898305084745763,
    "spontaansus_kaalud": 0.6009210526315789,
    "spontaansus_kaalud_sujuv": 0.5376923076923077
}