{
    "formaalsus_ilma": 0.6666666666666666,
    "formaalsus_kaalud": 0.709310761789601,
    "formaalsus_kaalud_sujuv": 0.7140852130325815,
    "spontaansus_ilma": 0.2711864406779661,
    "spontaansus_kaalud": 0.2408771929824561,
    "spontaansus_kaalud_sujuv": 0.26425101214574903
}