{
    "formaalsus_ilma": 0.7435897435897436,
    "formaalsus_kaalud": 0.7005562273276905,
    "formaalsus_kaalud_sujuv": 0.7243859649122807,
    "spontaansus_ilma": 0.2711864406779661,
    "spontaansus_kaalud": 0.2873245614035088,
    "spontaansus_kaalud_sujuv": 0.2720647773279352
}