{
    "formaalsus_ilma": 0.7051282051282052,
    "formaalsus_kaalud": 0.7303506650544136,
    "formaalsus_kaalud_sujuv": 0.736516290726817,
    "spontaansus_ilma": 0.2033898305084746,
    "spontaansus_kaalud": 0.29383771929824565,
    "spontaansus_kaalud_sujuv": 0.2670445344129555
}