{
    "formaalsus_ilma": 0.5897435897435898,
    "formaalsus_kaalud": 0.5704353083434099,
    "formaalsus_kaalud_sujuv": 0.5830576441102757,
    "spontaansus_ilma": 0.2033898305084746,
    "spontaansus_kaalud": 0.21980263157894733,
    "spontaansus_kaalud_sujuv": 0.224331983805668
}