{
    "formaalsus_ilma": 0.6923076923076923,
    "formaalsus_kaalud": 0.6535429262394196,
    "formaalsus_kaalud_sujuv": 0.6760401002506266,
    "spontaansus_ilma": 0.1016949152542373,
    "spontaansus_kaalud": 0.11300438596491225,
    "spontaansus_kaalud_sujuv": 0.1134412955465587
}