{
    "formaalsus_ilma": 0.7564102564102564,
    "formaalsus_kaalud": 0.777291414752116,
    "formaalsus_kaalud_sujuv": 0.7848370927318296,
    "spontaansus_ilma": 0.06779661016949153,
    "spontaansus_kaalud": 0.0,
    "spontaansus_kaalud_sujuv": 0.004008097165991882
}