{
    "formaalsus_ilma": 0.6410256410256411,
    "formaalsus_kaalud": 0.7109673518742443,
    "formaalsus_kaalud_sujuv": 0.7042606516290727,
    "spontaansus_ilma": 0.13559322033898305,
    "spontaansus_kaalud": 0.0,
    "spontaansus_kaalud_sujuv": 0.0
}