{
    "formaalsus_ilma": 0.7692307692307693,
    "formaalsus_kaalud": 0.7859613059250302,
    "formaalsus_kaalud_sujuv": 0.7945614035087719,
    "spontaansus_ilma": 0.2033898305084746,
    "spontaansus_kaalud": 0.14622807017543862,
    "spontaansus_kaalud_sujuv": 0.17327935222672064
}