{
    "formaalsus_ilma": 0.6153846153846154,
    "formaalsus_kaalud": 0.5825513905683192,
    "formaalsus_kaalud_sujuv": 0.6015789473684211,
    "spontaansus_ilma": 0.22033898305084745,
    "spontaansus_kaalud": 0.3092105263157895,
    "spontaansus_kaalud_sujuv": 0.2868016194331984
}