{
    "formaalsus_ilma": 0.6666666666666666,
    "formaalsus_kaalud": 0.6703506650544135,
    "formaalsus_kaalud_sujuv": 0.6846867167919799,
    "spontaansus_ilma": 0.22033898305084745,
    "spontaansus_kaalud": 0.1370833333333333,
    "spontaansus_kaalud_sujuv": 0.14400809716599192
}