{
    "formaalsus_ilma": 0.717948717948718,
    "formaalsus_kaalud": 0.7311003627569529,
    "formaalsus_kaalud_sujuv": 0.7246616541353383,
    "spontaansus_ilma": 0.288135593220339,
    "spontaansus_kaalud": 0.323969298245614,
    "spontaansus_kaalud_sujuv": 0.31732793522267205
}