{
    "formaalsus_ilma": 0.5512820512820513,
    "formaalsus_kaalud": 0.5192382103990327,
    "formaalsus_kaalud_sujuv": 0.532781954887218,
    "spontaansus_ilma": 0.2033898305084746,
    "spontaansus_kaalud": 0.26057017543859645,
    "spontaansus_kaalud_sujuv": 0.24769230769230768
}