{
    "formaalsus_ilma": 0.6153846153846154,
    "formaalsus_kaalud": 0.5825513905683192,
    "formaalsus_kaalud_sujuv": 0.6015789473684211,
    "spontaansus_ilma": 0.23728813559322035,
    "spontaansus_kaalud": 0.3082894736842105,
    "spontaansus_kaalud_sujuv": 0.2860728744939271
}