{
    "formaalsus_ilma": 0.6538461538461539,
    "formaalsus_kaalud": 0.6852599758162032,
    "formaalsus_kaalud_sujuv": 0.6911278195488721,
    "spontaansus_ilma": 0.288135593220339,
    "spontaansus_kaalud": 0.33254385964912275,
    "spontaansus_kaalud_sujuv": 0.31643724696356273
}