{
    "formaalsus_ilma": 0.7307692307692307,
    "formaalsus_kaalud": 0.8442200725513905,
    "formaalsus_kaalud_sujuv": 0.8371929824561403,
    "spontaansus_ilma": 0.13559322033898305,
    "spontaansus_kaalud": 0.19682017543859648,
    "spontaansus_kaalud_sujuv": 0.18060728744939272
}