{
    "formaalsus_ilma": 0.7051282051282052,
    "formaalsus_kaalud": 0.7066626360338573,
    "formaalsus_kaalud_sujuv": 0.7208521303258145,
    "spontaansus_ilma": 0.11864406779661017,
    "spontaansus_kaalud": 0.056250000000000015,
    "spontaansus_kaalud_sujuv": 0.07894736842105263
}