{
    "formaalsus_ilma": 0.48717948717948717,
    "formaalsus_kaalud": 0.4559008464328899,
    "formaalsus_kaalud_sujuv": 0.4671679197994987,
    "spontaansus_ilma": 0.23728813559322035,
    "spontaansus_kaalud": 0.2707236842105263,
    "spontaansus_kaalud_sujuv": 0.2612955465587044
}