{
    "formaalsus_ilma": 0.3333333333333333,
    "formaalsus_kaalud": 0.31261185006045944,
    "formaalsus_kaalud_sujuv": 0.3229072681704261,
    "spontaansus_ilma": 0.5084745762711864,
    "spontaansus_kaalud": 0.8415131578947369,
    "spontaansus_kaalud_sujuv": 0.7393522267206478
}