{
    "formaalsus_ilma": 0.34615384615384615,
    "formaalsus_kaalud": 0.30799274486094314,
    "formaalsus_kaalud_sujuv": 0.3199749373433584,
    "spontaansus_ilma": 0.3898305084745763,
    "spontaansus_kaalud": 0.5627631578947369,
    "spontaansus_kaalud_sujuv": 0.5163562753036437
}