{
    "formaalsus_ilma": 0.6794871794871795,
    "formaalsus_kaalud": 0.6260943168077387,
    "formaalsus_kaalud_sujuv": 0.6504010025062656,
    "spontaansus_ilma": 0.288135593220339,
    "spontaansus_kaalud": 0.3568421052631579,
    "spontaansus_kaalud_sujuv": 0.34728744939271255
}