{
    "formaalsus_ilma": 0.717948717948718,
    "formaalsus_kaalud": 0.7183192261185005,
    "formaalsus_kaalud_sujuv": 0.7339348370927319,
    "spontaansus_ilma": 0.3050847457627119,
    "spontaansus_kaalud": 0.40131578947368424,
    "spontaansus_kaalud_sujuv": 0.38344129554655876
}