{
    "formaalsus_ilma": 0.7692307692307693,
    "formaalsus_kaalud": 0.8419709794437726,
    "formaalsus_kaalud_sujuv": 0.8381954887218045,
    "spontaansus_ilma": 0.1016949152542373,
    "spontaansus_kaalud": 0.0,
    "spontaansus_kaalud_sujuv": 0.03732793522267206
}