{
    "formaalsus_ilma": 0.46153846153846156,
    "formaalsus_kaalud": 0.5210640870616687,
    "formaalsus_kaalud_sujuv": 0.5130325814536341,
    "spontaansus_ilma": 0.1864406779661017,
    "spontaansus_kaalud": 0.1905921052631579,
    "spontaansus_kaalud_sujuv": 0.19554655870445342
}