{
    "formaalsus_ilma": 0.6794871794871795,
    "formaalsus_kaalud": 0.6805320435308343,
    "formaalsus_kaalud_sujuv": 0.6898496240601504,
    "spontaansus_ilma": 0.1694915254237288,
    "spontaansus_kaalud": 0.09513157894736841,
    "spontaansus_kaalud_sujuv": 0.1289068825910931
}