{
    "formaalsus_ilma": 0.5128205128205128,
    "formaalsus_kaalud": 0.5346191051995163,
    "formaalsus_kaalud_sujuv": 0.5324561403508772,
    "spontaansus_ilma": 0.3898305084745763,
    "spontaansus_kaalud": 0.4134210526315789,
    "spontaansus_kaalud_sujuv": 0.4073684210526316
}