{
    "formaalsus_ilma": 0.34615384615384615,
    "formaalsus_kaalud": 0.29486094316807737,
    "formaalsus_kaalud_sujuv": 0.3073182957393484,
    "spontaansus_ilma": 0.6271186440677966,
    "spontaansus_kaalud": 0.8621271929824561,
    "spontaansus_kaalud_sujuv": 0.7780161943319839
}