{
    "formaalsus_ilma": 0.782051282051282,
    "formaalsus_kaalud": 0.8144740024183796,
    "formaalsus_kaalud_sujuv": 0.8237092731829575,
    "spontaansus_ilma": 0.11864406779661017,
    "spontaansus_kaalud": 0.065109649122807,
    "spontaansus_kaalud_sujuv": 0.09125506072874494
}