{
    "formaalsus_ilma": 0.5897435897435898,
    "formaalsus_kaalud": 0.6004111245465538,
    "formaalsus_kaalud_sujuv": 0.6075187969924812,
    "spontaansus_ilma": 0.2711864406779661,
    "spontaansus_kaalud": 0.35471491228070173,
    "spontaansus_kaalud_sujuv": 0.3316599190283401
}