{
    "formaalsus_ilma": 0.6794871794871795,
    "formaalsus_kaalud": 0.6549214026602177,
    "formaalsus_kaalud_sujuv": 0.6731829573934838,
    "spontaansus_ilma": 0.4067796610169492,
    "spontaansus_kaalud": 0.49317982456140347,
    "spontaansus_kaalud_sujuv": 0.46720647773279356
}