{
    "formaalsus_ilma": 0.46153846153846156,
    "formaalsus_kaalud": 0.5290205562273277,
    "formaalsus_kaalud_sujuv": 0.5201002506265664,
    "spontaansus_ilma": 0.2033898305084746,
    "spontaansus_kaalud": 0.21495614035087718,
    "spontaansus_kaalud_sujuv": 0.21210526315789474
}