{
    "formaalsus_ilma": 0.6923076923076923,
    "formaalsus_kaalud": 0.6492986698911729,
    "formaalsus_kaalud_sujuv": 0.6704260651629073,
    "spontaansus_ilma": 0.0847457627118644,
    "spontaansus_kaalud": 0.10353070175438595,
    "spontaansus_kaalud_sujuv": 0.09789473684210526
}