{
    "formaalsus_ilma": 0.6410256410256411,
    "formaalsus_kaalud": 0.8139056831922612,
    "formaalsus_kaalud_sujuv": 0.7881203007518797,
    "spontaansus_ilma": 0.06779661016949153,
    "spontaansus_kaalud": 0.07307017543859651,
    "spontaansus_kaalud_sujuv": 0.07182186234817811
}