{
    "formaalsus_ilma": 0.7948717948717948,
    "formaalsus_kaalud": 0.7599274486094317,
    "formaalsus_kaalud_sujuv": 0.7760651629072681,
    "spontaansus_ilma": 0.06779661016949153,
    "spontaansus_kaalud": 0.0,
    "spontaansus_kaalud_sujuv": 0.024170040485829956
}