{
    "formaalsus_ilma": 0.2564102564102564,
    "formaalsus_kaalud": 0.16119709794437728,
    "formaalsus_kaalud_sujuv": 0.1849122807017544,
    "spontaansus_ilma": 0.4576271186440678,
    "spontaansus_kaalud": 0.6726973684210527,
    "spontaansus_kaalud_sujuv": 0.5915384615384616
}