{
    "formaalsus_ilma": 0.358974358974359,
    "formaalsus_kaalud": 0.3566384522370012,
    "formaalsus_kaalud_sujuv": 0.3600501253132832,
    "spontaansus_ilma": 0.559322033898305,
    "spontaansus_kaalud": 0.6692324561403509,
    "spontaansus_kaalud_sujuv": 0.6408097165991903
}