{
    "formaalsus_ilma": 0.6410256410256411,
    "formaalsus_kaalud": 0.651584038694075,
    "formaalsus_kaalud_sujuv": 0.6580952380952381,
    "spontaansus_ilma": 0.1694915254237288,
    "spontaansus_kaalud": 0.13598684210526316,
    "spontaansus_kaalud_sujuv": 0.14894736842105263
}