{
    "formaalsus_ilma": 0.3717948717948718,
    "formaalsus_kaalud": 0.25053204353083436,
    "formaalsus_kaalud_sujuv": 0.28328320802005014,
    "spontaansus_ilma": 0.423728813559322,
    "spontaansus_kaalud": 0.7308114035087719,
    "spontaansus_kaalud_sujuv": 0.6335627530364373
}