{
    "formaalsus_ilma": 0.46153846153846156,
    "formaalsus_kaalud": 0.5209552599758162,
    "formaalsus_kaalud_sujuv": 0.5140601503759398,
    "spontaansus_ilma": 0.3050847457627119,
    "spontaansus_kaalud": 0.33563596491228065,
    "spontaansus_kaalud_sujuv": 0.33838056680161943
}