{
    "formaalsus_ilma": 0.28205128205128205,
    "formaalsus_kaalud": 0.22474002418379688,
    "formaalsus_kaalud_sujuv": 0.23944862155388477,
    "spontaansus_ilma": 0.6949152542372882,
    "spontaansus_kaalud": 1.0,
    "spontaansus_kaalud_sujuv": 0.8865182186234818
}