{
    "formaalsus_ilma": 0.41025641025641024,
    "formaalsus_kaalud": 0.4154050785973397,
    "formaalsus_kaalud_sujuv": 0.42100250626566416,
    "spontaansus_ilma": 0.4915254237288136,
    "spontaansus_kaalud": 0.5365570175438596,
    "spontaansus_kaalud_sujuv": 0.5240890688259109
}