{
    "formaalsus_ilma": 0.3076923076923077,
    "formaalsus_kaalud": 0.2963361547762999,
    "formaalsus_kaalud_sujuv": 0.29947368421052634,
    "spontaansus_ilma": 0.4406779661016949,
    "spontaansus_kaalud": 0.5307675438596491,
    "spontaansus_kaalud_sujuv": 0.4976923076923077
}