{
    "formaalsus_ilma": 0.7564102564102564,
    "formaalsus_kaalud": 0.6813784764207981,
    "formaalsus_kaalud_sujuv": 0.7064661654135338,
    "spontaansus_ilma": 0.2542372881355932,
    "spontaansus_kaalud": 0.3126973684210526,
    "spontaansus_kaalud_sujuv": 0.3025101214574899
}