{
    "formaalsus_ilma": 0.6410256410256411,
    "formaalsus_kaalud": 0.651584038694075,
    "formaalsus_kaalud_sujuv": 0.6580952380952381,
    "spontaansus_ilma": 0.15254237288135594,
    "spontaansus_kaalud": 0.11631578947368419,
    "spontaansus_kaalud_sujuv": 0.13688259109311743
}