{
    "formaalsus_ilma": 0.6025641025641025,
    "formaalsus_kaalud": 0.543422007255139,
    "formaalsus_kaalud_sujuv": 0.57468671679198,
    "spontaansus_ilma": 0.23728813559322035,
    "spontaansus_kaalud": 0.40153508771929824,
    "spontaansus_kaalud_sujuv": 0.34866396761133606
}