{
    "formaalsus_ilma": 0.7692307692307693,
    "formaalsus_kaalud": 0.7608827085852479,
    "formaalsus_kaalud_sujuv": 0.7813533834586466,
    "spontaansus_ilma": 0.15254237288135594,
    "spontaansus_kaalud": 0.1370833333333333,
    "spontaansus_kaalud_sujuv": 0.1525910931174089
}