{
    "formaalsus_ilma": 0.7435897435897436,
    "formaalsus_kaalud": 0.7147158403869407,
    "formaalsus_kaalud_sujuv": 0.736641604010025,
    "spontaansus_ilma": 0.2711864406779661,
    "spontaansus_kaalud": 0.2998684210526316,
    "spontaansus_kaalud_sujuv": 0.29085020242914983
}