{
    "formaalsus_ilma": 0.7692307692307693,
    "formaalsus_kaalud": 0.7608827085852479,
    "formaalsus_kaalud_sujuv": 0.7813533834586466,
    "spontaansus_ilma": 0.2033898305084746,
    "spontaansus_kaalud": 0.14925438596491228,
    "spontaansus_kaalud_sujuv": 0.15951417004048582
}