{
    "formaalsus_ilma": 0.7051282051282052,
    "formaalsus_kaalud": 0.7527690447400242,
    "formaalsus_kaalud_sujuv": 0.7534335839598998,
    "spontaansus_ilma": 0.1694915254237288,
    "spontaansus_kaalud": 0.2055701754385965,
    "spontaansus_kaalud_sujuv": 0.19704453441295547
}