{
    "formaalsus_ilma": 0.3974358974358974,
    "formaalsus_kaalud": 0.33735187424425633,
    "formaalsus_kaalud_sujuv": 0.3558897243107769,
    "spontaansus_ilma": 0.4406779661016949,
    "spontaansus_kaalud": 0.6005701754385965,
    "spontaansus_kaalud_sujuv": 0.5474089068825911
}