{
    "formaalsus_ilma": 0.28205128205128205,
    "formaalsus_kaalud": 0.21800483675937124,
    "formaalsus_kaalud_sujuv": 0.23393483709273183,
    "spontaansus_ilma": 0.6440677966101694,
    "spontaansus_kaalud": 0.744451754385965,
    "spontaansus_kaalud_sujuv": 0.7178137651821863
}