{
    "formaalsus_ilma": 0.6282051282051282,
    "formaalsus_kaalud": 0.7461426844014509,
    "formaalsus_kaalud_sujuv": 0.7332080200501253,
    "spontaansus_ilma": 0.2033898305084746,
    "spontaansus_kaalud": 0.23315789473684212,
    "spontaansus_kaalud_sujuv": 0.2263157894736842
}