{
    "formaalsus_ilma": 0.6282051282051282,
    "formaalsus_kaalud": 0.6434220072551391,
    "formaalsus_kaalud_sujuv": 0.6536090225563911,
    "spontaansus_ilma": 0.3898305084745763,
    "spontaansus_kaalud": 0.4393859649122807,
    "spontaansus_kaalud_sujuv": 0.42064777327935227
}