{
    "formaalsus_ilma": 0.34615384615384615,
    "formaalsus_kaalud": 0.37072551390568315,
    "formaalsus_kaalud_sujuv": 0.37699248120300755,
    "spontaansus_ilma": 0.3898305084745763,
    "spontaansus_kaalud": 0.43267543859649127,
    "spontaansus_kaalud_sujuv": 0.4169635627530365
}