{
    "formaalsus_ilma": 0.2564102564102564,
    "formaalsus_kaalud": 0.22611850060459493,
    "formaalsus_kaalud_sujuv": 0.23686716791979948,
    "spontaansus_ilma": 0.3898305084745763,
    "spontaansus_kaalud": 0.4431140350877193,
    "spontaansus_kaalud_sujuv": 0.4274493927125506
}