{
    "formaalsus_ilma": 0.1794871794871795,
    "formaalsus_kaalud": 0.19984280532043527,
    "formaalsus_kaalud_sujuv": 0.1961904761904762,
    "spontaansus_ilma": 0.8305084745762712,
    "spontaansus_kaalud": 1.0,
    "spontaansus_kaalud_sujuv": 1.0
}