{
    "formaalsus_ilma": 0.7564102564102564,
    "formaalsus_kaalud": 0.6889359129383313,
    "formaalsus_kaalud_sujuv": 0.7045363408521303,
    "spontaansus_ilma": 0.3050847457627119,
    "spontaansus_kaalud": 0.35835526315789473,
    "spontaansus_kaalud_sujuv": 0.3446558704453441
}