{
    "formaalsus_ilma": 0.41025641025641024,
    "formaalsus_kaalud": 0.3996130592503023,
    "formaalsus_kaalud_sujuv": 0.4023809523809524,
    "spontaansus_ilma": 0.5423728813559322,
    "spontaansus_kaalud": 0.8123903508771929,
    "spontaansus_kaalud_sujuv": 0.738663967611336
}