{
    "formaalsus_ilma": 0.7435897435897436,
    "formaalsus_kaalud": 0.8550423216444982,
    "formaalsus_kaalud_sujuv": 0.8489473684210527,
    "spontaansus_ilma": 0.13559322033898305,
    "spontaansus_kaalud": 0.15642543859649122,
    "spontaansus_kaalud_sujuv": 0.145748987854251
}