{
    "formaalsus_ilma": 0.8205128205128205,
    "formaalsus_kaalud": 0.9050181378476422,
    "formaalsus_kaalud_sujuv": 0.8994736842105263,
    "spontaansus_ilma": 0.2542372881355932,
    "spontaansus_kaalud": 0.24638157894736845,
    "spontaansus_kaalud_sujuv": 0.24635627530364373
}