{
    "formaalsus_ilma": 0.3974358974358974,
    "formaalsus_kaalud": 0.33735187424425633,
    "formaalsus_kaalud_sujuv": 0.3558897243107769,
    "spontaansus_ilma": 0.4067796610169492,
    "spontaansus_kaalud": 0.5907456140350877,
    "spontaansus_kaalud_sujuv": 0.5392307692307692
}