{
    "formaalsus_ilma": 0.7948717948717948,
    "formaalsus_kaalud": 0.7766868198307133,
    "formaalsus_kaalud_sujuv": 0.7831578947368422,
    "spontaansus_ilma": 0.15254237288135594,
    "spontaansus_kaalud": 0.1687280701754386,
    "spontaansus_kaalud_sujuv": 0.16194331983805668
}