{
    "formaalsus_ilma": 0.6282051282051282,
    "formaalsus_kaalud": 0.6127569528415961,
    "formaalsus_kaalud_sujuv": 0.6272431077694236,
    "spontaansus_ilma": 0.3389830508474576,
    "spontaansus_kaalud": 0.3132456140350877,
    "spontaansus_kaalud_sujuv": 0.30578947368421056
}