{
    "formaalsus_ilma": 0.6923076923076923,
    "formaalsus_kaalud": 0.7728174123337364,
    "formaalsus_kaalud_sujuv": 0.7659649122807017,
    "spontaansus_ilma": 0.05084745762711865,
    "spontaansus_kaalud": 0.08530701754385965,
    "spontaansus_kaalud_sujuv": 0.07453441295546558
}