{
    "formaalsus_ilma": 0.7692307692307693,
    "formaalsus_kaalud": 0.861596130592503,
    "formaalsus_kaalud_sujuv": 0.8517543859649124,
    "spontaansus_ilma": 0.1016949152542373,
    "spontaansus_kaalud": 0.0,
    "spontaansus_kaalud_sujuv": 0.0
}