{
    "formaalsus_ilma": 0.6538461538461539,
    "formaalsus_kaalud": 0.662043530834341,
    "formaalsus_kaalud_sujuv": 0.6743859649122806,
    "spontaansus_ilma": 0.23728813559322035,
    "spontaansus_kaalud": 0.18287280701754383,
    "spontaansus_kaalud_sujuv": 0.18696356275303644
}