{
    "formaalsus_ilma": 0.5,
    "formaalsus_kaalud": 0.46958887545344624,
    "formaalsus_kaalud_sujuv": 0.4862907268170426,
    "spontaansus_ilma": 0.13559322033898305,
    "spontaansus_kaalud": 0.194890350877193,
    "spontaansus_kaalud_sujuv": 0.16894736842105265
}