{
    "formaalsus_ilma": 0.4230769230769231,
    "formaalsus_kaalud": 0.40723095525997577,
    "formaalsus_kaalud_sujuv": 0.411704260651629,
    "spontaansus_ilma": 0.559322033898305,
    "spontaansus_kaalud": 0.7891666666666667,
    "spontaansus_kaalud_sujuv": 0.7168016194331984
}