{
    "formaalsus_ilma": 0.2564102564102564,
    "formaalsus_kaalud": 0.15490931076178963,
    "formaalsus_kaalud_sujuv": 0.18177944862155396,
    "spontaansus_ilma": 0.3898305084745763,
    "spontaansus_kaalud": 0.43932017543859647,
    "spontaansus_kaalud_sujuv": 0.4237246963562753
}