{
    "formaalsus_ilma": 0.8076923076923077,
    "formaalsus_kaalud": 0.9198186215235793,
    "formaalsus_kaalud_sujuv": 0.9074436090225564,
    "spontaansus_ilma": 0.11864406779661017,
    "spontaansus_kaalud": 0.10646929824561405,
    "spontaansus_kaalud_sujuv": 0.11048582995951417
}