{
    "formaalsus_ilma": 0.6410256410256411,
    "formaalsus_kaalud": 0.675441354292624,
    "formaalsus_kaalud_sujuv": 0.6777944862155388,
    "spontaansus_ilma": 0.22033898305084745,
    "spontaansus_kaalud": 0.2538377192982456,
    "spontaansus_kaalud_sujuv": 0.2434008097165992
}