{
    "formaalsus_ilma": 0.8205128205128205,
    "formaalsus_kaalud": 0.8972793228536879,
    "formaalsus_kaalud_sujuv": 0.8951378446115288,
    "spontaansus_ilma": 0.0847457627118644,
    "spontaansus_kaalud": 0.0,
    "spontaansus_kaalud_sujuv": 0.0
}