{
    "formaalsus_ilma": 0.46153846153846156,
    "formaalsus_kaalud": 0.5209552599758162,
    "formaalsus_kaalud_sujuv": 0.5140601503759398,
    "spontaansus_ilma": 0.3898305084745763,
    "spontaansus_kaalud": 0.358859649122807,
    "spontaansus_kaalud_sujuv": 0.3546558704453441
}