{
    "formaalsus_ilma": 0.34615384615384615,
    "formaalsus_kaalud": 0.36737605804111245,
    "formaalsus_kaalud_sujuv": 0.3717794486215539,
    "spontaansus_ilma": 0.3389830508474576,
    "spontaansus_kaalud": 0.5410087719298246,
    "spontaansus_kaalud_sujuv": 0.4796761133603239
}