{
    "formaalsus_ilma": 0.8205128205128205,
    "formaalsus_kaalud": 0.8857799274486093,
    "formaalsus_kaalud_sujuv": 0.8865914786967418,
    "spontaansus_ilma": 0.13559322033898305,
    "spontaansus_kaalud": 0.0,
    "spontaansus_kaalud_sujuv": 0.0
}