{
    "formaalsus_ilma": 0.782051282051282,
    "formaalsus_kaalud": 0.8311970979443772,
    "formaalsus_kaalud_sujuv": 0.8353132832080201,
    "spontaansus_ilma": 0.1864406779661017,
    "spontaansus_kaalud": 0.23166666666666666,
    "spontaansus_kaalud_sujuv": 0.21959514170040487
}