{
    "formaalsus_ilma": 0.6410256410256411,
    "formaalsus_kaalud": 0.7797339782345829,
    "formaalsus_kaalud_sujuv": 0.7580200501253133,
    "spontaansus_ilma": 0.0,
    "spontaansus_kaalud": 0.0,
    "spontaansus_kaalud_sujuv": 0.0
}