{
    "formaalsus_ilma": 0.5,
    "formaalsus_kaalud": 0.4967593712212817,
    "formaalsus_kaalud_sujuv": 0.5087719298245614,
    "spontaansus_ilma": 0.2542372881355932,
    "spontaansus_kaalud": 0.30662280701754385,
    "spontaansus_kaalud_sujuv": 0.28497975708502027
}