{
    "formaalsus_ilma": 0.32051282051282054,
    "formaalsus_kaalud": 0.29962515114873034,
    "formaalsus_kaalud_sujuv": 0.3086466165413534,
    "spontaansus_ilma": 0.4915254237288136,
    "spontaansus_kaalud": 0.7496491228070176,
    "spontaansus_kaalud_sujuv": 0.6752631578947368
}