{
    "formaalsus_ilma": 0.8461538461538461,
    "formaalsus_kaalud": 0.953409915356711,
    "formaalsus_kaalud_sujuv": 0.9427568922305763,
    "spontaansus_ilma": 0.05084745762711865,
    "spontaansus_kaalud": 0.04412280701754387,
    "spontaansus_kaalud_sujuv": 0.04623481781376519
}