{
    "formaalsus_ilma": 0.0641025641025641,
    "formaalsus_kaalud": 0.005259975816203171,
    "formaalsus_kaalud_sujuv": 0.01634085213032577,
    "spontaansus_ilma": 0.847457627118644,
    "spontaansus_kaalud": 0.9369298245614035,
    "spontaansus_kaalud_sujuv": 0.9193927125506074
}