{
    "formaalsus_ilma": 0.48717948717948717,
    "formaalsus_kaalud": 0.5669528415961306,
    "formaalsus_kaalud_sujuv": 0.555062656641604,
    "spontaansus_ilma": 0.4067796610169492,
    "spontaansus_kaalud": 0.5505263157894738,
    "spontaansus_kaalud_sujuv": 0.5102024291497976
}