{
    "formaalsus_ilma": 0.5769230769230769,
    "formaalsus_kaalud": 0.5535429262394196,
    "formaalsus_kaalud_sujuv": 0.5718796992481203,
    "spontaansus_ilma": 0.288135593220339,
    "spontaansus_kaalud": 0.39304824561403506,
    "spontaansus_kaalud_sujuv": 0.369919028340081
}