{
    "formaalsus_ilma": 0.782051282051282,
    "formaalsus_kaalud": 0.8328899637243047,
    "formaalsus_kaalud_sujuv": 0.8363909774436091,
    "spontaansus_ilma": 0.05084745762711865,
    "spontaansus_kaalud": 0.0,
    "spontaansus_kaalud_sujuv": 0.0
}