{
    "formaalsus_ilma": 0.7051282051282052,
    "formaalsus_kaalud": 0.8086215235792019,
    "formaalsus_kaalud_sujuv": 0.7980200501253132,
    "spontaansus_ilma": 0.1694915254237288,
    "spontaansus_kaalud": 0.16828947368421054,
    "spontaansus_kaalud_sujuv": 0.16951417004048586
}