{
    "formaalsus_ilma": 0.3717948717948718,
    "formaalsus_kaalud": 0.35267230955259976,
    "formaalsus_kaalud_sujuv": 0.3625313283208019,
    "spontaansus_ilma": 0.4576271186440678,
    "spontaansus_kaalud": 0.5392543859649123,
    "spontaansus_kaalud_sujuv": 0.495506072874494
}