{
    "formaalsus_ilma": 0.3076923076923077,
    "formaalsus_kaalud": 0.23530834340991535,
    "formaalsus_kaalud_sujuv": 0.25588972431077694,
    "spontaansus_ilma": 0.423728813559322,
    "spontaansus_kaalud": 0.6669956140350877,
    "spontaansus_kaalud_sujuv": 0.5922267206477733
}