{
    "formaalsus_ilma": 0.7948717948717948,
    "formaalsus_kaalud": 0.851813784764208,
    "formaalsus_kaalud_sujuv": 0.8463659147869674,
    "spontaansus_ilma": 0.2033898305084746,
    "spontaansus_kaalud": 0.1544956140350877,
    "spontaansus_kaalud_sujuv": 0.1631174089068826
}