{
    "formaalsus_ilma": 0.41025641025641024,
    "formaalsus_kaalud": 0.39230955259975814,
    "formaalsus_kaalud_sujuv": 0.3993483709273183,
    "spontaansus_ilma": 0.4915254237288136,
    "spontaansus_kaalud": 0.590701754385965,
    "spontaansus_kaalud_sujuv": 0.5497570850202429
}