{
    "formaalsus_ilma": 0.3333333333333333,
    "formaalsus_kaalud": 0.31261185006045944,
    "formaalsus_kaalud_sujuv": 0.3229072681704261,
    "spontaansus_ilma": 0.576271186440678,
    "spontaansus_kaalud": 0.8410087719298246,
    "spontaansus_kaalud_sujuv": 0.741336032388664
}