{
    "formaalsus_ilma": 0.1794871794871795,
    "formaalsus_kaalud": 0.21438935912938334,
    "formaalsus_kaalud_sujuv": 0.2117543859649123,
    "spontaansus_ilma": 0.7966101694915254,
    "spontaansus_kaalud": 0.8842543859649122,
    "spontaansus_kaalud_sujuv": 0.8651821862348178
}