{
    "formaalsus_ilma": 0.6153846153846154,
    "formaalsus_kaalud": 0.6091172914147521,
    "formaalsus_kaalud_sujuv": 0.6260401002506265,
    "spontaansus_ilma": 0.2542372881355932,
    "spontaansus_kaalud": 0.3611842105263158,
    "spontaansus_kaalud_sujuv": 0.33137651821862346
}