{
    "formaalsus_ilma": 0.8076923076923077,
    "formaalsus_kaalud": 0.8863966142684401,
    "formaalsus_kaalud_sujuv": 0.8789974937343359,
    "spontaansus_ilma": 0.01694915254237288,
    "spontaansus_kaalud": 0.0,
    "spontaansus_kaalud_sujuv": 0.0
}