{
    "formaalsus_ilma": 0.46153846153846156,
    "formaalsus_kaalud": 0.5334945586457074,
    "formaalsus_kaalud_sujuv": 0.5232832080200501,
    "spontaansus_ilma": 0.423728813559322,
    "spontaansus_kaalud": 0.41491228070175434,
    "spontaansus_kaalud_sujuv": 0.41465587044534413
}