{
    "formaalsus_ilma": 0.5641025641025641,
    "formaalsus_kaalud": 0.6030108827085853,
    "formaalsus_kaalud_sujuv": 0.5892230576441103,
    "spontaansus_ilma": 0.3220338983050847,
    "spontaansus_kaalud": 0.41644736842105257,
    "spontaansus_kaalud_sujuv": 0.39348178137651824
}