{
    "formaalsus_ilma": 0.7051282051282052,
    "formaalsus_kaalud": 0.7262998790810157,
    "formaalsus_kaalud_sujuv": 0.7315288220551378,
    "spontaansus_ilma": 0.11864406779661017,
    "spontaansus_kaalud": 0.06960526315789473,
    "spontaansus_kaalud_sujuv": 0.09210526315789472
}