{
    "formaalsus_ilma": 0.47435897435897434,
    "formaalsus_kaalud": 0.4017775090689238,
    "formaalsus_kaalud_sujuv": 0.4262155388471178,
    "spontaansus_ilma": 0.3728813559322034,
    "spontaansus_kaalud": 0.5656140350877193,
    "spontaansus_kaalud_sujuv": 0.502834008097166
}