{
    "formaalsus_ilma": 0.5256410256410257,
    "formaalsus_kaalud": 0.49802902055622733,
    "formaalsus_kaalud_sujuv": 0.5118295739348371,
    "spontaansus_ilma": 0.4067796610169492,
    "spontaansus_kaalud": 0.49122807017543857,
    "spontaansus_kaalud_sujuv": 0.45801619433198376
}