{
    "formaalsus_ilma": 0.7692307692307693,
    "formaalsus_kaalud": 0.7859250302297461,
    "formaalsus_kaalud_sujuv": 0.7984962406015038,
    "spontaansus_ilma": 0.2711864406779661,
    "spontaansus_kaalud": 0.354780701754386,
    "spontaansus_kaalud_sujuv": 0.328582995951417
}