{
    "formaalsus_ilma": 0.717948717948718,
    "formaalsus_kaalud": 0.7421039903264813,
    "formaalsus_kaalud_sujuv": 0.7500751879699248,
    "spontaansus_ilma": 0.3728813559322034,
    "spontaansus_kaalud": 0.5257894736842105,
    "spontaansus_kaalud_sujuv": 0.48712550607287447
}