{
    "formaalsus_ilma": 0.6025641025641025,
    "formaalsus_kaalud": 0.7014510278113664,
    "formaalsus_kaalud_sujuv": 0.6868421052631579,
    "spontaansus_ilma": 0.11864406779661017,
    "spontaansus_kaalud": 0.01497807017543856,
    "spontaansus_kaalud_sujuv": 0.06149797570850202
}