{
    "formaalsus_ilma": 0.782051282051282,
    "formaalsus_kaalud": 0.7303506650544136,
    "formaalsus_kaalud_sujuv": 0.7559147869674185,
    "spontaansus_ilma": 0.15254237288135594,
    "spontaansus_kaalud": 0.12528508771929825,
    "spontaansus_kaalud_sujuv": 0.1352226720647773
}