{
    "formaalsus_ilma": 0.717948717948718,
    "formaalsus_kaalud": 0.7216203143893591,
    "formaalsus_kaalud_sujuv": 0.7274436090225563,
    "spontaansus_ilma": 0.2033898305084746,
    "spontaansus_kaalud": 0.10239035087719298,
    "spontaansus_kaalud_sujuv": 0.14708502024291498
}