{
    "formaalsus_ilma": 0.34615384615384615,
    "formaalsus_kaalud": 0.3197218863361548,
    "formaalsus_kaalud_sujuv": 0.3309273182957394,
    "spontaansus_ilma": 0.4576271186440678,
    "spontaansus_kaalud": 0.5177850877192982,
    "spontaansus_kaalud_sujuv": 0.49842105263157893
}