{
    "formaalsus_ilma": 0.5,
    "formaalsus_kaalud": 0.5235550181378477,
    "formaalsus_kaalud_sujuv": 0.5332080200501254,
    "spontaansus_ilma": 0.2711864406779661,
    "spontaansus_kaalud": 0.3088157894736842,
    "spontaansus_kaalud_sujuv": 0.2934412955465587
}