{
    "formaalsus_ilma": 0.34615384615384615,
    "formaalsus_kaalud": 0.3102539298669891,
    "formaalsus_kaalud_sujuv": 0.3213533834586466,
    "spontaansus_ilma": 0.6271186440677966,
    "spontaansus_kaalud": 0.710219298245614,
    "spontaansus_kaalud_sujuv": 0.6874089068825912
}