{
    "formaalsus_ilma": 0.5769230769230769,
    "formaalsus_kaalud": 0.5826239419588876,
    "formaalsus_kaalud_sujuv": 0.5957393483709272,
    "spontaansus_ilma": 0.3220338983050847,
    "spontaansus_kaalud": 0.4588815789473684,
    "spontaansus_kaalud_sujuv": 0.4240080971659919
}