{
    "formaalsus_ilma": 0.8205128205128205,
    "formaalsus_kaalud": 0.8728899637243047,
    "formaalsus_kaalud_sujuv": 0.8732080200501252,
    "spontaansus_ilma": 0.1694915254237288,
    "spontaansus_kaalud": 0.0,
    "spontaansus_kaalud_sujuv": 0.03862348178137654
}