{
    "formaalsus_ilma": 0.7051282051282052,
    "formaalsus_kaalud": 0.7878960096735188,
    "formaalsus_kaalud_sujuv": 0.781328320802005,
    "spontaansus_ilma": 0.0847457627118644,
    "spontaansus_kaalud": 0.0,
    "spontaansus_kaalud_sujuv": 0.0
}