{
    "formaalsus_ilma": 0.717948717948718,
    "formaalsus_kaalud": 0.7216203143893591,
    "formaalsus_kaalud_sujuv": 0.7274436090225563,
    "spontaansus_ilma": 0.22033898305084745,
    "spontaansus_kaalud": 0.12125,
    "spontaansus_kaalud_sujuv": 0.1582995951417004
}