{
    "formaalsus_ilma": 0.3333333333333333,
    "formaalsus_kaalud": 0.32240628778718255,
    "formaalsus_kaalud_sujuv": 0.33431077694235584,
    "spontaansus_ilma": 0.5254237288135594,
    "spontaansus_kaalud": 0.614561403508772,
    "spontaansus_kaalud_sujuv": 0.59165991902834
}