{
    "formaalsus_ilma": 0.6538461538461539,
    "formaalsus_kaalud": 0.662043530834341,
    "formaalsus_kaalud_sujuv": 0.6743859649122806,
    "spontaansus_ilma": 0.1694915254237288,
    "spontaansus_kaalud": 0.16155701754385962,
    "spontaansus_kaalud_sujuv": 0.17299595141700402
}