{
    "formaalsus_ilma": 0.5256410256410257,
    "formaalsus_kaalud": 0.5194558645707376,
    "formaalsus_kaalud_sujuv": 0.5316290726817042,
    "spontaansus_ilma": 0.4067796610169492,
    "spontaansus_kaalud": 0.4487719298245614,
    "spontaansus_kaalud_sujuv": 0.4368825910931174
}