{
    "formaalsus_ilma": 0.6794871794871795,
    "formaalsus_kaalud": 0.6805320435308343,
    "formaalsus_kaalud_sujuv": 0.6898496240601504,
    "spontaansus_ilma": 0.2542372881355932,
    "spontaansus_kaalud": 0.11594298245614035,
    "spontaansus_kaalud_sujuv": 0.1425910931174089
}