{
    "formaalsus_ilma": 0.6025641025641025,
    "formaalsus_kaalud": 0.7316565900846433,
    "formaalsus_kaalud_sujuv": 0.712907268170426,
    "spontaansus_ilma": 0.2033898305084746,
    "spontaansus_kaalud": 0.24828947368421053,
    "spontaansus_kaalud_sujuv": 0.23846153846153847
}