{
    "formaalsus_ilma": 0.32051282051282054,
    "formaalsus_kaalud": 0.34126964933494564,
    "formaalsus_kaalud_sujuv": 0.34117794486215536,
    "spontaansus_ilma": 0.6949152542372882,
    "spontaansus_kaalud": 0.7707236842105263,
    "spontaansus_kaalud_sujuv": 0.7534412955465588
}