{
    "formaalsus_ilma": 0.32051282051282054,
    "formaalsus_kaalud": 0.316142684401451,
    "formaalsus_kaalud_sujuv": 0.3186967418546366,
    "spontaansus_ilma": 0.6949152542372882,
    "spontaansus_kaalud": 0.9334429824561403,
    "spontaansus_kaalud_sujuv": 0.8556275303643724
}