{
    "formaalsus_ilma": 0.32051282051282054,
    "formaalsus_kaalud": 0.316142684401451,
    "formaalsus_kaalud_sujuv": 0.3186967418546366,
    "spontaansus_ilma": 0.6440677966101694,
    "spontaansus_kaalud": 0.9001973684210527,
    "spontaansus_kaalud_sujuv": 0.8318218623481781
}