{
    "TTR": 0.6472061046862192,
    "keskmine_lemma_pikkus": 4.841592432372049,
    "k\u00e4\u00e4nduvate_lemmade_osaarv": 0.5172520204433313
}