{
    "TTR": 0.6472058136218725,
    "keskmine_lemma_pikkus": 4.84159225173628,
    "k\u00e4\u00e4nduvate_lemmade_osaarv": 0.517250803702955
}