{
    "TTR": 0.564327485380117,
    "ases\u00f5nade_esimese_isiku_osaarv": 0.8333333333333334,
    "ases\u00f5nade_kolmanda_isiku_osaarv": 0.0,
    "ases\u00f5nade_teise_isiku_osaarv": 0.16666666666666666,
    "emotikonide_arv": 0,
    "kaudse_k\u00f5neviisi_osakaal": 0.0,
    "kokkukleepunud_kirjavahem\u00e4rkide_arv": 0,
    "korduvate_juppide_arv": 0,
    "korduvate_s\u00f5nade_arv": 0,
    "k\u00e4\u00e4nds\u00f5nade_osaarv": 0.7051597051597052,
    "leksikonides_esinevade_osaarv": 0.002457002457002457,
    "lemmapikkuse_osaarv": 4.894988066825776,
    "l\u00e4binisti_suur": 0.0,
    "nud-partitsiibiga_verbide_osakaal": 0.06666666666666667,
    "passiivi_osakaal": 0.17777777777777778,
    "puuduva_suure_algust\u00e4hega": 0.0,
    "tajuverbide_osaarv": 0.1891891891891892,
    "verbide_esimese_isiku_osaarv": 0.21428571428571427,
    "verbide_kolmanda_isiku_osaarv": 0.7857142857142857,
    "verbide_teise_isiku_osaarv": 0.0
}