{
    "TTR": 0.2831505483549352,
    "ases\u00f5nade_esimese_isiku_osaarv": 0.30864197530864196,
    "ases\u00f5nade_kolmanda_isiku_osaarv": 0.14814814814814814,
    "ases\u00f5nade_teise_isiku_osaarv": 0.5432098765432098,
    "emotikonide_arv": 1,
    "kaudse_k\u00f5neviisi_osakaal": 0.0,
    "kokkukleepunud_kirjavahem\u00e4rkide_arv": 5,
    "korduvate_juppide_arv": 0,
    "korduvate_s\u00f5nade_arv": 3,
    "k\u00e4\u00e4nds\u00f5nade_osaarv": 0.44425312096427033,
    "leksikonides_esinevade_osaarv": 0.002152389151958674,
    "lemmapikkuse_osaarv": 4.676695319961795,
    "l\u00e4binisti_suur": 0.0025012506253126563,
    "nud-partitsiibiga_verbide_osakaal": 0.024469820554649267,
    "passiivi_osakaal": 0.01631321370309951,
    "puuduva_suure_algust\u00e4hega": 0.0,
    "tajuverbide_osaarv": 0.1910569105691057,
    "verbide_esimese_isiku_osaarv": 0.1188118811881188,
    "verbide_kolmanda_isiku_osaarv": 0.43564356435643564,
    "verbide_teise_isiku_osaarv": 0.44554455445544555
}