{
    "TTR": 0.7624309392265194,
    "ases\u00f5nade_esimese_isiku_osaarv": 1.0,
    "ases\u00f5nade_kolmanda_isiku_osaarv": 0.0,
    "ases\u00f5nade_teise_isiku_osaarv": 0.0,
    "emotikonide_arv": 0,
    "kaudse_k\u00f5neviisi_osakaal": 0.0,
    "kokkukleepunud_kirjavahem\u00e4rkide_arv": 0,
    "korduvate_juppide_arv": 0,
    "korduvate_s\u00f5nade_arv": 0,
    "k\u00e4\u00e4nds\u00f5nade_osaarv": 0.4008810572687225,
    "leksikonides_esinevade_osaarv": 0.004405286343612335,
    "lemmapikkuse_osaarv": 4.63681592039801,
    "l\u00e4binisti_suur": 0.005555555555555556,
    "nud-partitsiibiga_verbide_osakaal": 0.09090909090909091,
    "passiivi_osakaal": 0.07272727272727272,
    "puuduva_suure_algust\u00e4hega": 0.005555555555555556,
    "tajuverbide_osaarv": 0.16666666666666666,
    "verbide_esimese_isiku_osaarv": 0.48,
    "verbide_kolmanda_isiku_osaarv": 0.36,
    "verbide_teise_isiku_osaarv": 0.16
}