{
    "TTR": 0.6910994764397905,
    "ases\u00f5nade_esimese_isiku_osaarv": 0.14285714285714285,
    "ases\u00f5nade_kolmanda_isiku_osaarv": 0.5714285714285714,
    "ases\u00f5nade_teise_isiku_osaarv": 0.2857142857142857,
    "emotikonide_arv": 0,
    "kaudse_k\u00f5neviisi_osakaal": 0.0,
    "kokkukleepunud_kirjavahem\u00e4rkide_arv": 0,
    "korduvate_juppide_arv": 0,
    "korduvate_s\u00f5nade_arv": 0,
    "korduvate_t\u00e4htede_arv": 0,
    "k\u00e4\u00e4nds\u00f5nade_osaarv": 0.5361702127659574,
    "leksikonides_esinevade_osaarv": 0.0,
    "lemmapikkuse_osaarv": 4.643192488262911,
    "l\u00e4binisti_suur": 0.0,
    "nud-partitsiibiga_verbide_osakaal": 0.01818181818181818,
    "passiivi_osakaal": 0.01818181818181818,
    "puuduva_suure_algust\u00e4hega": 0.0,
    "tajuverbide_osaarv": 0.13513513513513514,
    "verbide_esimese_isiku_osaarv": 0.16,
    "verbide_kolmanda_isiku_osaarv": 0.6,
    "verbide_teise_isiku_osaarv": 0.24
}