{
    "TTR": 0.4278169014084507,
    "ases\u00f5nade_esimese_isiku_osaarv": 0.6666666666666666,
    "ases\u00f5nade_kolmanda_isiku_osaarv": 0.3047619047619048,
    "ases\u00f5nade_teise_isiku_osaarv": 0.02857142857142857,
    "emotikonide_arv": 1,
    "kaudse_k\u00f5neviisi_osakaal": 0.0026490066225165563,
    "kokkukleepunud_kirjavahem\u00e4rkide_arv": 1,
    "korduvate_juppide_arv": 2,
    "korduvate_s\u00f5nade_arv": 4,
    "k\u00e4\u00e4nds\u00f5nade_osaarv": 0.4583208843740663,
    "leksikonides_esinevade_osaarv": 0.012249775918733195,
    "lemmapikkuse_osaarv": 4.434402332361516,
    "l\u00e4binisti_suur": 0.0,
    "nud-partitsiibiga_verbide_osakaal": 0.05033112582781457,
    "passiivi_osakaal": 0.026490066225165563,
    "puuduva_suure_algust\u00e4hega": 0.0003546099290780142,
    "tajuverbide_osaarv": 0.1505922165820643,
    "verbide_esimese_isiku_osaarv": 0.42517006802721086,
    "verbide_kolmanda_isiku_osaarv": 0.48299319727891155,
    "verbide_teise_isiku_osaarv": 0.09183673469387756
}