{
    "TTR": 0.29508949059201467,
    "ases\u00f5nade_esimese_isiku_osaarv": 0.5294117647058824,
    "ases\u00f5nade_kolmanda_isiku_osaarv": 0.4,
    "ases\u00f5nade_teise_isiku_osaarv": 0.07058823529411765,
    "emotikonide_arv": 43,
    "kaudse_k\u00f5neviisi_osakaal": 0.0,
    "kokkukleepunud_kirjavahem\u00e4rkide_arv": 12,
    "korduvate_juppide_arv": 3,
    "korduvate_s\u00f5nade_arv": 5,
    "korduvate_t\u00e4htede_arv": 0,
    "k\u00e4\u00e4nds\u00f5nade_osaarv": 0.34491587417703,
    "leksikonides_esinevade_osaarv": 0.025603511338697878,
    "lemmapikkuse_osaarv": 4.140469738030713,
    "l\u00e4binisti_suur": 0.068869241507678,
    "nud-partitsiibiga_verbide_osakaal": 0.0492845786963434,
    "passiivi_osakaal": 0.00794912559618442,
    "puuduva_suure_algust\u00e4hega": 0.0018613308515588647,
    "tajuverbide_osaarv": 0.15514018691588785,
    "verbide_esimese_isiku_osaarv": 0.46195652173913043,
    "verbide_kolmanda_isiku_osaarv": 0.4592391304347826,
    "verbide_teise_isiku_osaarv": 0.07880434782608696
}