{
    "TTR": 0.44766708701134933,
    "ases\u00f5nade_esimese_isiku_osaarv": 0.7317073170731707,
    "ases\u00f5nade_kolmanda_isiku_osaarv": 0.17073170731707318,
    "ases\u00f5nade_teise_isiku_osaarv": 0.0975609756097561,
    "emotikonide_arv": 4,
    "kaudse_k\u00f5neviisi_osakaal": 0.0,
    "kokkukleepunud_kirjavahem\u00e4rkide_arv": 43,
    "korduvate_juppide_arv": 0,
    "korduvate_s\u00f5nade_arv": 1,
    "korduvate_t\u00e4htede_arv": 0,
    "k\u00e4\u00e4nds\u00f5nade_osaarv": 0.3706521739130435,
    "leksikonides_esinevade_osaarv": 0.010869565217391304,
    "lemmapikkuse_osaarv": 4.412658227848102,
    "l\u00e4binisti_suur": 0.006640106241699867,
    "nud-partitsiibiga_verbide_osakaal": 0.0449438202247191,
    "passiivi_osakaal": 0.011235955056179775,
    "puuduva_suure_algust\u00e4hega": 0.0,
    "tajuverbide_osaarv": 0.18831168831168832,
    "verbide_esimese_isiku_osaarv": 0.4583333333333333,
    "verbide_kolmanda_isiku_osaarv": 0.4305555555555556,
    "verbide_teise_isiku_osaarv": 0.1111111111111111
}