{
    "TTR": 0.3455712451861361,
    "ases\u00f5nade_esimese_isiku_osaarv": 0.7948717948717948,
    "ases\u00f5nade_kolmanda_isiku_osaarv": 0.18803418803418803,
    "ases\u00f5nade_teise_isiku_osaarv": 0.017094017094017096,
    "emotikonide_arv": 9,
    "kaudse_k\u00f5neviisi_osakaal": 0.0010471204188481676,
    "kokkukleepunud_kirjavahem\u00e4rkide_arv": 11,
    "korduvate_juppide_arv": 2,
    "korduvate_s\u00f5nade_arv": 4,
    "k\u00e4\u00e4nds\u00f5nade_osaarv": 0.4488868696047251,
    "leksikonides_esinevade_osaarv": 0.0068150840527033164,
    "lemmapikkuse_osaarv": 4.507011605415861,
    "l\u00e4binisti_suur": 0.001034126163391934,
    "nud-partitsiibiga_verbide_osakaal": 0.04712041884816754,
    "passiivi_osakaal": 0.04607329842931937,
    "puuduva_suure_algust\u00e4hega": 0.001034126163391934,
    "tajuverbide_osaarv": 0.17702702702702702,
    "verbide_esimese_isiku_osaarv": 0.3972222222222222,
    "verbide_kolmanda_isiku_osaarv": 0.5444444444444444,
    "verbide_teise_isiku_osaarv": 0.058333333333333334
}