{
    "TTR": 0.8050847457627118,
    "ases\u00f5nade_esimese_isiku_osaarv": 0.2857142857142857,
    "ases\u00f5nade_kolmanda_isiku_osaarv": 0.5714285714285714,
    "ases\u00f5nade_teise_isiku_osaarv": 0.14285714285714285,
    "emotikonide_arv": 0,
    "kaudse_k\u00f5neviisi_osakaal": 0.0,
    "kokkukleepunud_kirjavahem\u00e4rkide_arv": 0,
    "korduvate_juppide_arv": 0,
    "korduvate_s\u00f5nade_arv": 0,
    "k\u00e4\u00e4nds\u00f5nade_osaarv": 0.6466165413533834,
    "leksikonides_esinevade_osaarv": 0.0,
    "lemmapikkuse_osaarv": 5.197080291970803,
    "l\u00e4binisti_suur": 0.00847457627118644,
    "nud-partitsiibiga_verbide_osakaal": 0.1,
    "passiivi_osakaal": 0.06666666666666667,
    "puuduva_suure_algust\u00e4hega": 0.0,
    "tajuverbide_osaarv": 0.09090909090909091,
    "verbide_esimese_isiku_osaarv": 0.0,
    "verbide_kolmanda_isiku_osaarv": 0.5,
    "verbide_teise_isiku_osaarv": 0.5
}