{
    "TTR": 0.3627737226277372,
    "ases\u00f5nade_esimese_isiku_osaarv": 0.7525773195876289,
    "ases\u00f5nade_kolmanda_isiku_osaarv": 0.20618556701030927,
    "ases\u00f5nade_teise_isiku_osaarv": 0.041237113402061855,
    "emotikonide_arv": 1,
    "kaudse_k\u00f5neviisi_osakaal": 0.0,
    "kokkukleepunud_kirjavahem\u00e4rkide_arv": 3,
    "korduvate_juppide_arv": 0,
    "korduvate_s\u00f5nade_arv": 1,
    "k\u00e4\u00e4nds\u00f5nade_osaarv": 0.43188951663527936,
    "leksikonides_esinevade_osaarv": 0.005021971123666039,
    "lemmapikkuse_osaarv": 4.416610850636303,
    "l\u00e4binisti_suur": 0.00072992700729927,
    "nud-partitsiibiga_verbide_osakaal": 0.06666666666666667,
    "passiivi_osakaal": 0.010666666666666666,
    "puuduva_suure_algust\u00e4hega": 0.00145985401459854,
    "tajuverbide_osaarv": 0.17406143344709898,
    "verbide_esimese_isiku_osaarv": 0.46099290780141844,
    "verbide_kolmanda_isiku_osaarv": 0.40425531914893614,
    "verbide_teise_isiku_osaarv": 0.1347517730496454
}