{
    "TTR": 0.39626352015732547,
    "ases\u00f5nade_esimese_isiku_osaarv": 0.8076923076923077,
    "ases\u00f5nade_kolmanda_isiku_osaarv": 0.11538461538461539,
    "ases\u00f5nade_teise_isiku_osaarv": 0.07692307692307693,
    "emotikonide_arv": 18,
    "kaudse_k\u00f5neviisi_osakaal": 0.0,
    "kokkukleepunud_kirjavahem\u00e4rkide_arv": 2,
    "korduvate_juppide_arv": 0,
    "korduvate_s\u00f5nade_arv": 1,
    "korduvate_t\u00e4htede_arv": 18,
    "k\u00e4\u00e4nds\u00f5nade_osaarv": 0.40253164556962023,
    "leksikonides_esinevade_osaarv": 0.010126582278481013,
    "lemmapikkuse_osaarv": 4.085930122757318,
    "l\u00e4binisti_suur": 0.027613412228796843,
    "nud-partitsiibiga_verbide_osakaal": 0.04391891891891892,
    "passiivi_osakaal": 0.030405405405405407,
    "puuduva_suure_algust\u00e4hega": 0.0,
    "tajuverbide_osaarv": 0.2459016393442623,
    "verbide_esimese_isiku_osaarv": 0.2661290322580645,
    "verbide_kolmanda_isiku_osaarv": 0.6451612903225806,
    "verbide_teise_isiku_osaarv": 0.08870967741935484
}