{
    "TTR": 0.30698659139026113,
    "ases\u00f5nade_esimese_isiku_osaarv": 0.045454545454545456,
    "ases\u00f5nade_kolmanda_isiku_osaarv": 0.8181818181818182,
    "ases\u00f5nade_teise_isiku_osaarv": 0.13636363636363635,
    "emotikonide_arv": 1,
    "kaudse_k\u00f5neviisi_osakaal": 0.0,
    "kokkukleepunud_kirjavahem\u00e4rkide_arv": 4,
    "korduvate_juppide_arv": 0,
    "korduvate_s\u00f5nade_arv": 7,
    "korduvate_t\u00e4htede_arv": 2,
    "k\u00e4\u00e4nds\u00f5nade_osaarv": 0.42048192771084336,
    "leksikonides_esinevade_osaarv": 0.016265060240963854,
    "lemmapikkuse_osaarv": 4.178595773687798,
    "l\u00e4binisti_suur": 0.0,
    "nud-partitsiibiga_verbide_osakaal": 0.10096153846153846,
    "passiivi_osakaal": 0.026442307692307692,
    "puuduva_suure_algust\u00e4hega": 0.0,
    "tajuverbide_osaarv": 0.19166666666666668,
    "verbide_esimese_isiku_osaarv": 0.017857142857142856,
    "verbide_kolmanda_isiku_osaarv": 0.9047619047619048,
    "verbide_teise_isiku_osaarv": 0.07738095238095238
}