{
    "TTR": 0.4137291280148423,
    "ases\u00f5nade_esimese_isiku_osaarv": 0.7936507936507936,
    "ases\u00f5nade_kolmanda_isiku_osaarv": 0.1111111111111111,
    "ases\u00f5nade_teise_isiku_osaarv": 0.09523809523809523,
    "emotikonide_arv": 3,
    "kaudse_k\u00f5neviisi_osakaal": 0.0,
    "kokkukleepunud_kirjavahem\u00e4rkide_arv": 47,
    "korduvate_juppide_arv": 0,
    "korduvate_s\u00f5nade_arv": 0,
    "k\u00e4\u00e4nds\u00f5nade_osaarv": 0.3876582278481013,
    "leksikonides_esinevade_osaarv": 0.011075949367088608,
    "lemmapikkuse_osaarv": 4.190860215053763,
    "l\u00e4binisti_suur": 0.0029644268774703555,
    "nud-partitsiibiga_verbide_osakaal": 0.03355704697986577,
    "passiivi_osakaal": 0.013422818791946308,
    "puuduva_suure_algust\u00e4hega": 0.0,
    "tajuverbide_osaarv": 0.17813765182186234,
    "verbide_esimese_isiku_osaarv": 0.40869565217391307,
    "verbide_kolmanda_isiku_osaarv": 0.2782608695652174,
    "verbide_teise_isiku_osaarv": 0.3130434782608696
}