{
    "TTR": 0.33173212771969485,
    "ases\u00f5nade_esimese_isiku_osaarv": 0.7777777777777778,
    "ases\u00f5nade_kolmanda_isiku_osaarv": 0.19576719576719576,
    "ases\u00f5nade_teise_isiku_osaarv": 0.026455026455026454,
    "emotikonide_arv": 37,
    "kaudse_k\u00f5neviisi_osakaal": 0.0,
    "kokkukleepunud_kirjavahem\u00e4rkide_arv": 92,
    "korduvate_juppide_arv": 4,
    "korduvate_s\u00f5nade_arv": 4,
    "k\u00e4\u00e4nds\u00f5nade_osaarv": 0.40357229061066857,
    "leksikonides_esinevade_osaarv": 0.008930726526671495,
    "lemmapikkuse_osaarv": 4.218003186404673,
    "l\u00e4binisti_suur": 0.003801169590643275,
    "nud-partitsiibiga_verbide_osakaal": 0.06631578947368422,
    "passiivi_osakaal": 0.017894736842105262,
    "puuduva_suure_algust\u00e4hega": 0.00029239766081871346,
    "tajuverbide_osaarv": 0.13740458015267176,
    "verbide_esimese_isiku_osaarv": 0.44776119402985076,
    "verbide_kolmanda_isiku_osaarv": 0.4527363184079602,
    "verbide_teise_isiku_osaarv": 0.09950248756218906
}