{
    "TTR": 0.7581699346405228,
    "ases\u00f5nade_esimese_isiku_osaarv": 0.3333333333333333,
    "ases\u00f5nade_kolmanda_isiku_osaarv": 0.6666666666666666,
    "ases\u00f5nade_teise_isiku_osaarv": 0.0,
    "emotikonide_arv": 0,
    "kaudse_k\u00f5neviisi_osakaal": 0.0,
    "kokkukleepunud_kirjavahem\u00e4rkide_arv": 0,
    "korduvate_juppide_arv": 0,
    "korduvate_s\u00f5nade_arv": 1,
    "k\u00e4\u00e4nds\u00f5nade_osaarv": 0.4585635359116022,
    "leksikonides_esinevade_osaarv": 0.0,
    "lemmapikkuse_osaarv": 4.467065868263473,
    "l\u00e4binisti_suur": 0.0,
    "nud-partitsiibiga_verbide_osakaal": 0.04878048780487805,
    "passiivi_osakaal": 0.0975609756097561,
    "puuduva_suure_algust\u00e4hega": 0.0,
    "tajuverbide_osaarv": 0.175,
    "verbide_esimese_isiku_osaarv": 0.22727272727272727,
    "verbide_kolmanda_isiku_osaarv": 0.6818181818181818,
    "verbide_teise_isiku_osaarv": 0.09090909090909091
}