{
    "TTR": 0.3107530417625781,
    "ases\u00f5nade_esimese_isiku_osaarv": 0.8274111675126904,
    "ases\u00f5nade_kolmanda_isiku_osaarv": 0.16751269035532995,
    "ases\u00f5nade_teise_isiku_osaarv": 0.005076142131979695,
    "emotikonide_arv": 0,
    "kaudse_k\u00f5neviisi_osakaal": 0.0023752969121140144,
    "kokkukleepunud_kirjavahem\u00e4rkide_arv": 20,
    "korduvate_juppide_arv": 6,
    "korduvate_s\u00f5nade_arv": 9,
    "k\u00e4\u00e4nds\u00f5nade_osaarv": 0.4107142857142857,
    "leksikonides_esinevade_osaarv": 0.012188208616780046,
    "lemmapikkuse_osaarv": 4.389133165829146,
    "l\u00e4binisti_suur": 0.011033099297893681,
    "nud-partitsiibiga_verbide_osakaal": 0.039192399049881234,
    "passiivi_osakaal": 0.019002375296912115,
    "puuduva_suure_algust\u00e4hega": 0.062186559679037114,
    "tajuverbide_osaarv": 0.16738197424892703,
    "verbide_esimese_isiku_osaarv": 0.45714285714285713,
    "verbide_kolmanda_isiku_osaarv": 0.43116883116883115,
    "verbide_teise_isiku_osaarv": 0.11168831168831168
}