{
    "TTR": 0.3483582089552239,
    "ases\u00f5nade_esimese_isiku_osaarv": 0.5987261146496815,
    "ases\u00f5nade_kolmanda_isiku_osaarv": 0.35668789808917195,
    "ases\u00f5nade_teise_isiku_osaarv": 0.044585987261146494,
    "emotikonide_arv": 8,
    "kaudse_k\u00f5neviisi_osakaal": 0.0011494252873563218,
    "kokkukleepunud_kirjavahem\u00e4rkide_arv": 15,
    "korduvate_juppide_arv": 4,
    "korduvate_s\u00f5nade_arv": 3,
    "korduvate_t\u00e4htede_arv": 3,
    "k\u00e4\u00e4nds\u00f5nade_osaarv": 0.4437340153452685,
    "leksikonides_esinevade_osaarv": 0.008695652173913044,
    "lemmapikkuse_osaarv": 4.447839251307459,
    "l\u00e4binisti_suur": 0.001503307276007216,
    "nud-partitsiibiga_verbide_osakaal": 0.067816091954023,
    "passiivi_osakaal": 0.028735632183908046,
    "puuduva_suure_algust\u00e4hega": 0.0,
    "tajuverbide_osaarv": 0.16828929068150209,
    "verbide_esimese_isiku_osaarv": 0.35106382978723405,
    "verbide_kolmanda_isiku_osaarv": 0.549645390070922,
    "verbide_teise_isiku_osaarv": 0.09929078014184398
}