{
    "TTR": 0.3420007222824124,
    "ases\u00f5nade_esimese_isiku_osaarv": 0.6,
    "ases\u00f5nade_kolmanda_isiku_osaarv": 0.34615384615384615,
    "ases\u00f5nade_teise_isiku_osaarv": 0.05384615384615385,
    "emotikonide_arv": 77,
    "kaudse_k\u00f5neviisi_osakaal": 0.0,
    "kokkukleepunud_kirjavahem\u00e4rkide_arv": 3,
    "korduvate_juppide_arv": 3,
    "korduvate_s\u00f5nade_arv": 3,
    "korduvate_t\u00e4htede_arv": 1,
    "k\u00e4\u00e4nds\u00f5nade_osaarv": 0.42941542288557216,
    "leksikonides_esinevade_osaarv": 0.009017412935323384,
    "lemmapikkuse_osaarv": 4.411805798113867,
    "l\u00e4binisti_suur": 0.0003714710252600297,
    "nud-partitsiibiga_verbide_osakaal": 0.04647887323943662,
    "passiivi_osakaal": 0.029577464788732393,
    "puuduva_suure_algust\u00e4hega": 0.0014858841010401188,
    "tajuverbide_osaarv": 0.18196994991652754,
    "verbide_esimese_isiku_osaarv": 0.34572490706319703,
    "verbide_kolmanda_isiku_osaarv": 0.5613382899628253,
    "verbide_teise_isiku_osaarv": 0.09293680297397769
}