{
    "TTR": 0.48333333333333334,
    "ases\u00f5nade_esimese_isiku_osaarv": 0.06666666666666667,
    "ases\u00f5nade_kolmanda_isiku_osaarv": 0.06666666666666667,
    "ases\u00f5nade_teise_isiku_osaarv": 0.8666666666666667,
    "emotikonide_arv": 0,
    "kaudse_k\u00f5neviisi_osakaal": 0.006369426751592357,
    "kokkukleepunud_kirjavahem\u00e4rkide_arv": 1,
    "korduvate_juppide_arv": 0,
    "korduvate_s\u00f5nade_arv": 1,
    "k\u00e4\u00e4nds\u00f5nade_osaarv": 0.47335423197492166,
    "leksikonides_esinevade_osaarv": 0.0,
    "lemmapikkuse_osaarv": 4.756260434056761,
    "l\u00e4binisti_suur": 0.0,
    "nud-partitsiibiga_verbide_osakaal": 0.006369426751592357,
    "passiivi_osakaal": 0.03184713375796178,
    "puuduva_suure_algust\u00e4hega": 0.0,
    "tajuverbide_osaarv": 0.09917355371900827,
    "verbide_esimese_isiku_osaarv": 0.018867924528301886,
    "verbide_kolmanda_isiku_osaarv": 0.5094339622641509,
    "verbide_teise_isiku_osaarv": 0.4716981132075472
}