{
    "TTR": 0.3786869647954329,
    "ases\u00f5nade_esimese_isiku_osaarv": 0.48333333333333334,
    "ases\u00f5nade_kolmanda_isiku_osaarv": 0.4166666666666667,
    "ases\u00f5nade_teise_isiku_osaarv": 0.1,
    "emotikonide_arv": 5,
    "kaudse_k\u00f5neviisi_osakaal": 0.0,
    "kokkukleepunud_kirjavahem\u00e4rkide_arv": 11,
    "korduvate_juppide_arv": 0,
    "korduvate_s\u00f5nade_arv": 2,
    "korduvate_t\u00e4htede_arv": 0,
    "k\u00e4\u00e4nds\u00f5nade_osaarv": 0.3874898456539399,
    "leksikonides_esinevade_osaarv": 0.012997562956945572,
    "lemmapikkuse_osaarv": 4.141121495327103,
    "l\u00e4binisti_suur": 0.0029069767441860465,
    "nud-partitsiibiga_verbide_osakaal": 0.08053691275167785,
    "passiivi_osakaal": 0.030201342281879196,
    "puuduva_suure_algust\u00e4hega": 0.0,
    "tajuverbide_osaarv": 0.16600790513833993,
    "verbide_esimese_isiku_osaarv": 0.21428571428571427,
    "verbide_kolmanda_isiku_osaarv": 0.6349206349206349,
    "verbide_teise_isiku_osaarv": 0.15079365079365079
}