{
    "TTR": 0.4081806561567959,
    "ases\u00f5nade_esimese_isiku_osaarv": 0.6666666666666666,
    "ases\u00f5nade_kolmanda_isiku_osaarv": 0.28125,
    "ases\u00f5nade_teise_isiku_osaarv": 0.052083333333333336,
    "emotikonide_arv": 17,
    "kaudse_k\u00f5neviisi_osakaal": 0.0,
    "kokkukleepunud_kirjavahem\u00e4rkide_arv": 18,
    "korduvate_juppide_arv": 2,
    "korduvate_s\u00f5nade_arv": 3,
    "k\u00e4\u00e4nds\u00f5nade_osaarv": 0.4484781811514485,
    "leksikonides_esinevade_osaarv": 0.0033003300330033004,
    "lemmapikkuse_osaarv": 4.488372093023256,
    "l\u00e4binisti_suur": 0.0012964563526361278,
    "nud-partitsiibiga_verbide_osakaal": 0.06902356902356903,
    "passiivi_osakaal": 0.02861952861952862,
    "puuduva_suure_algust\u00e4hega": 0.0,
    "tajuverbide_osaarv": 0.12681912681912683,
    "verbide_esimese_isiku_osaarv": 0.4457831325301205,
    "verbide_kolmanda_isiku_osaarv": 0.5180722891566265,
    "verbide_teise_isiku_osaarv": 0.03614457831325301
}