{
    "TTR": 0.34822729480330256,
    "ases\u00f5nade_esimese_isiku_osaarv": 0.8095238095238095,
    "ases\u00f5nade_kolmanda_isiku_osaarv": 0.17857142857142858,
    "ases\u00f5nade_teise_isiku_osaarv": 0.011904761904761904,
    "emotikonide_arv": 35,
    "kaudse_k\u00f5neviisi_osakaal": 0.0,
    "kokkukleepunud_kirjavahem\u00e4rkide_arv": 23,
    "korduvate_juppide_arv": 1,
    "korduvate_s\u00f5nade_arv": 1,
    "k\u00e4\u00e4nds\u00f5nade_osaarv": 0.37675914756735024,
    "leksikonides_esinevade_osaarv": 0.016887816646562123,
    "lemmapikkuse_osaarv": 4.242481203007519,
    "l\u00e4binisti_suur": 0.011970074812967581,
    "nud-partitsiibiga_verbide_osakaal": 0.058419243986254296,
    "passiivi_osakaal": 0.022336769759450172,
    "puuduva_suure_algust\u00e4hega": 0.00199501246882793,
    "tajuverbide_osaarv": 0.18181818181818182,
    "verbide_esimese_isiku_osaarv": 0.45714285714285713,
    "verbide_kolmanda_isiku_osaarv": 0.4448979591836735,
    "verbide_teise_isiku_osaarv": 0.09795918367346938
}