{
    "TTR": 0.6146044624746451,
    "ases\u00f5nade_esimese_isiku_osaarv": 0.5,
    "ases\u00f5nade_kolmanda_isiku_osaarv": 0.5,
    "ases\u00f5nade_teise_isiku_osaarv": 0.0,
    "emotikonide_arv": 2,
    "kaudse_k\u00f5neviisi_osakaal": 0.0,
    "kokkukleepunud_kirjavahem\u00e4rkide_arv": 2,
    "korduvate_juppide_arv": 0,
    "korduvate_s\u00f5nade_arv": 0,
    "korduvate_t\u00e4htede_arv": 2,
    "k\u00e4\u00e4nds\u00f5nade_osaarv": 0.587012987012987,
    "leksikonides_esinevade_osaarv": 0.0008658008658008658,
    "lemmapikkuse_osaarv": 5.0948717948717945,
    "l\u00e4binisti_suur": 0.012845849802371542,
    "nud-partitsiibiga_verbide_osakaal": 0.07327586206896551,
    "passiivi_osakaal": 0.08189655172413793,
    "puuduva_suure_algust\u00e4hega": 0.0,
    "tajuverbide_osaarv": 0.11538461538461539,
    "verbide_esimese_isiku_osaarv": 0.03614457831325301,
    "verbide_kolmanda_isiku_osaarv": 0.8795180722891566,
    "verbide_teise_isiku_osaarv": 0.08433734939759036
}