{
    "TTR": 0.7346938775510204,
    "ases\u00f5nade_esimese_isiku_osaarv": 0.6666666666666666,
    "ases\u00f5nade_kolmanda_isiku_osaarv": 0.3333333333333333,
    "ases\u00f5nade_teise_isiku_osaarv": 0.0,
    "emotikonide_arv": 2,
    "kaudse_k\u00f5neviisi_osakaal": 0.0,
    "kokkukleepunud_kirjavahem\u00e4rkide_arv": 5,
    "korduvate_juppide_arv": 0,
    "korduvate_s\u00f5nade_arv": 0,
    "k\u00e4\u00e4nds\u00f5nade_osaarv": 0.43636363636363634,
    "leksikonides_esinevade_osaarv": 0.00909090909090909,
    "lemmapikkuse_osaarv": 4.145833333333333,
    "l\u00e4binisti_suur": 0.0,
    "nud-partitsiibiga_verbide_osakaal": 0.0,
    "passiivi_osakaal": 0.15625,
    "puuduva_suure_algust\u00e4hega": 0.0,
    "tajuverbide_osaarv": 0.21739130434782608,
    "verbide_esimese_isiku_osaarv": 0.3333333333333333,
    "verbide_kolmanda_isiku_osaarv": 0.3333333333333333,
    "verbide_teise_isiku_osaarv": 0.3333333333333333
}