{
    "TTR": 0.353628023352794,
    "ases\u00f5nade_esimese_isiku_osaarv": 0.6963350785340314,
    "ases\u00f5nade_kolmanda_isiku_osaarv": 0.27225130890052357,
    "ases\u00f5nade_teise_isiku_osaarv": 0.031413612565445025,
    "emotikonide_arv": 0,
    "kaudse_k\u00f5neviisi_osakaal": 0.0,
    "kokkukleepunud_kirjavahem\u00e4rkide_arv": 19,
    "korduvate_juppide_arv": 0,
    "korduvate_s\u00f5nade_arv": 3,
    "k\u00e4\u00e4nds\u00f5nade_osaarv": 0.4308547602501737,
    "leksikonides_esinevade_osaarv": 0.00034746351633078526,
    "lemmapikkuse_osaarv": 4.3520408163265305,
    "l\u00e4binisti_suur": 0.0,
    "nud-partitsiibiga_verbide_osakaal": 0.10744985673352435,
    "passiivi_osakaal": 0.03868194842406877,
    "puuduva_suure_algust\u00e4hega": 0.0,
    "tajuverbide_osaarv": 0.13874788494077833,
    "verbide_esimese_isiku_osaarv": 0.3776223776223776,
    "verbide_kolmanda_isiku_osaarv": 0.5034965034965035,
    "verbide_teise_isiku_osaarv": 0.11888111888111888
}