{
    "TTR": 0.7515923566878981,
    "ases\u00f5nade_esimese_isiku_osaarv": 0.0,
    "ases\u00f5nade_kolmanda_isiku_osaarv": 1.0,
    "ases\u00f5nade_teise_isiku_osaarv": 0.0,
    "emotikonide_arv": 0,
    "kaudse_k\u00f5neviisi_osakaal": 0.0,
    "kokkukleepunud_kirjavahem\u00e4rkide_arv": 0,
    "korduvate_juppide_arv": 0,
    "korduvate_s\u00f5nade_arv": 0,
    "k\u00e4\u00e4nds\u00f5nade_osaarv": 0.4574468085106383,
    "leksikonides_esinevade_osaarv": 0.005319148936170213,
    "lemmapikkuse_osaarv": 4.977142857142857,
    "l\u00e4binisti_suur": 0.0,
    "nud-partitsiibiga_verbide_osakaal": 0.1702127659574468,
    "passiivi_osakaal": 0.0425531914893617,
    "puuduva_suure_algust\u00e4hega": 0.0,
    "tajuverbide_osaarv": 0.20512820512820512,
    "verbide_esimese_isiku_osaarv": 0.07142857142857142,
    "verbide_kolmanda_isiku_osaarv": 0.6428571428571429,
    "verbide_teise_isiku_osaarv": 0.2857142857142857
}