{
    "TTR": 0.47109207708779444,
    "ases\u00f5nade_esimese_isiku_osaarv": 0.896551724137931,
    "ases\u00f5nade_kolmanda_isiku_osaarv": 0.06896551724137931,
    "ases\u00f5nade_teise_isiku_osaarv": 0.034482758620689655,
    "emotikonide_arv": 4,
    "kaudse_k\u00f5neviisi_osakaal": 0.0,
    "kokkukleepunud_kirjavahem\u00e4rkide_arv": 0,
    "korduvate_juppide_arv": 1,
    "korduvate_s\u00f5nade_arv": 0,
    "k\u00e4\u00e4nds\u00f5nade_osaarv": 0.4272030651340996,
    "leksikonides_esinevade_osaarv": 0.02490421455938697,
    "lemmapikkuse_osaarv": 4.082474226804123,
    "l\u00e4binisti_suur": 0.004282655246252677,
    "nud-partitsiibiga_verbide_osakaal": 0.08391608391608392,
    "passiivi_osakaal": 0.027972027972027972,
    "puuduva_suure_algust\u00e4hega": 0.0,
    "tajuverbide_osaarv": 0.226890756302521,
    "verbide_esimese_isiku_osaarv": 0.36065573770491804,
    "verbide_kolmanda_isiku_osaarv": 0.5081967213114754,
    "verbide_teise_isiku_osaarv": 0.13114754098360656
}