{
    "TTR": 0.3664799253034547,
    "ases\u00f5nade_esimese_isiku_osaarv": 0.4,
    "ases\u00f5nade_kolmanda_isiku_osaarv": 0.5642857142857143,
    "ases\u00f5nade_teise_isiku_osaarv": 0.03571428571428571,
    "emotikonide_arv": 16,
    "kaudse_k\u00f5neviisi_osakaal": 0.005484460694698354,
    "kokkukleepunud_kirjavahem\u00e4rkide_arv": 4,
    "korduvate_juppide_arv": 0,
    "korduvate_s\u00f5nade_arv": 9,
    "k\u00e4\u00e4nds\u00f5nade_osaarv": 0.46179401993355484,
    "leksikonides_esinevade_osaarv": 0.06727574750830564,
    "lemmapikkuse_osaarv": 4.264007171671896,
    "l\u00e4binisti_suur": 0.0,
    "nud-partitsiibiga_verbide_osakaal": 0.04204753199268738,
    "passiivi_osakaal": 0.012797074954296161,
    "puuduva_suure_algust\u00e4hega": 0.0037914691943127963,
    "tajuverbide_osaarv": 0.12556053811659193,
    "verbide_esimese_isiku_osaarv": 0.2850467289719626,
    "verbide_kolmanda_isiku_osaarv": 0.5327102803738317,
    "verbide_teise_isiku_osaarv": 0.1822429906542056
}