{
    "TTR": 0.5538221528861155,
    "ases\u00f5nade_esimese_isiku_osaarv": 0.9,
    "ases\u00f5nade_kolmanda_isiku_osaarv": 0.1,
    "ases\u00f5nade_teise_isiku_osaarv": 0.0,
    "emotikonide_arv": 0,
    "kaudse_k\u00f5neviisi_osakaal": 0.0,
    "kokkukleepunud_kirjavahem\u00e4rkide_arv": 0,
    "korduvate_juppide_arv": 0,
    "korduvate_s\u00f5nade_arv": 0,
    "k\u00e4\u00e4nds\u00f5nade_osaarv": 0.4604026845637584,
    "leksikonides_esinevade_osaarv": 0.010738255033557046,
    "lemmapikkuse_osaarv": 4.784457478005865,
    "l\u00e4binisti_suur": 0.0,
    "nud-partitsiibiga_verbide_osakaal": 0.01875,
    "passiivi_osakaal": 0.05625,
    "puuduva_suure_algust\u00e4hega": 0.0,
    "tajuverbide_osaarv": 0.18382352941176472,
    "verbide_esimese_isiku_osaarv": 0.27692307692307694,
    "verbide_kolmanda_isiku_osaarv": 0.46153846153846156,
    "verbide_teise_isiku_osaarv": 0.26153846153846155
}