{
    "arv": 180,
    "formaalsus_baka": 0.29282407407407407,
    "formaalsus_ilma": 0.19028205128205136,
    "formaalsus_kaalud": 0.18889159836983288,
    "formaalsus_kaalud_sujuv": 0.19445934280144822,
    "spontaansus_baka": 0.3726481481481482,
    "spontaansus_ilma": 0.17313747645951033,
    "spontaansus_kaalud": 0.17011963937621835,
    "spontaansus_kaalud_sujuv": 0.16545066726645677
}