{
    "arv": 180,
    "formaalsus_baka": 0.29282407407407407,
    "formaalsus_ilma": 0.19149287749287755,
    "formaalsus_kaalud": 0.18969570961529847,
    "formaalsus_kaalud_sujuv": 0.1954479253689781,
    "spontaansus_baka": 0.3726481481481482,
    "spontaansus_ilma": 0.1735128688010044,
    "spontaansus_kaalud": 0.16899208089668624,
    "spontaansus_kaalud_sujuv": 0.16436654670865203
}