{
    "arv": 180,
    "formaalsus_ilma": 0.1486467236467237,
    "formaalsus_kaalud": 0.08259147297236775,
    "formaalsus_kaalud_sujuv": 0.11076162628794212,
    "spontaansus_ilma": -0.10901255492780909,
    "spontaansus_kaalud": -0.07368323586744639,
    "spontaansus_kaalud_sujuv": -0.08925341130604289
}