{
    "arv": 180,
    "formaalsus_ilma": 0.2374102564102566,
    "formaalsus_kaalud": 0.20525621389224785,
    "formaalsus_kaalud_sujuv": 0.21473182957393488,
    "spontaansus_ilma": 0.2353258003766478,
    "spontaansus_kaalud": 0.23858869395711507,
    "spontaansus_kaalud_sujuv": 0.2334579397210976
}