{
    "arv": 180,
    "formaalsus_ilma": 0.2374102564102566,
    "formaalsus_kaalud": 0.20643450221684811,
    "formaalsus_kaalud_sujuv": 0.21516791979949892,
    "spontaansus_ilma": 0.2353258003766478,
    "spontaansus_kaalud": 0.23943859649122803,
    "spontaansus_kaalud_sujuv": 0.23352721547458394
}